-- phpMyAdmin SQL Dump
-- version 5.0.1
-- https://www.phpmyadmin.net/
--
-- Host: 127.0.0.1
-- Generation Time: Jan 22, 2021 at 03:25 AM
-- Server version: 10.4.11-MariaDB
-- PHP Version: 7.4.1

SET SQL_MODE = "NO_AUTO_VALUE_ON_ZERO";
SET AUTOCOMMIT = 0;
START TRANSACTION;
SET time_zone = "+00:00";


/*!40101 SET @OLD_CHARACTER_SET_CLIENT=@@CHARACTER_SET_CLIENT */;
/*!40101 SET @OLD_CHARACTER_SET_RESULTS=@@CHARACTER_SET_RESULTS */;
/*!40101 SET @OLD_COLLATION_CONNECTION=@@COLLATION_CONNECTION */;
/*!40101 SET NAMES utf8mb4 */;

--
-- Database: `euskalmet`
--

-- --------------------------------------------------------

--
-- Table structure for table `entornos`
--

CREATE TABLE `entornos` (
  `Id` int(11) NOT NULL,
  `Nombre` varchar(100) NOT NULL,
  `Descripcion` varchar(5000) DEFAULT NULL,
  `Tipo` varchar(100) DEFAULT NULL,
  `Territorio` varchar(100) DEFAULT NULL,
  `Latitud` double DEFAULT NULL,
  `Longitud` double DEFAULT NULL
) ENGINE=InnoDB DEFAULT CHARSET=utf8mb4;

--
-- Dumping data for table `entornos`
--

INSERT INTO `entornos` (`Id`, `Nombre`, `Descripcion`, `Tipo`, `Territorio`, `Latitud`, `Longitud`) VALUES
(767, 'embalse de maroño', 'el embalse de maroño, enclavado en la localidad del mismo nombre, perteneciente al municip...', 'pantanos', 'araba/álava', 43.0468126377076, -3.05986404418945),
(768, 'embalse de ullíbarri-gamboa', 'emplazado en el municipio alavés de arrazua-ubarrundia, el embalse de ull&iacute...', 'pantanos', 'araba/álava', 42.9260115266427, -2.56977081298828),
(769, 'embalse de urkulu', 'el embalse de urkulu se halla en el interior del territorio histórico de gipuzkoa, a pocos...', 'pantanos', 'gipuzkoa', 43.019567, -2.476983),
(770, 'embalse de urrúnaga', 'el embalse de urrúnaga está ubicado a caballo entre álava y bizkaia, rodeado...', 'pantanos', 'bizkaia araba/álava araba/álava araba/álava', NULL, NULL),
(771, 'la arboleda', 'convertido hoy en día en espacio de ocio y esparcimiento, la arboleda fue un pueblo minero...', 'pantanos', 'bizkaia', 43.284928, -3.05386),
(772, 'piscinas fluviales de espejo', 'las piscinas fluviales de espejo se hallan en el territorio histórico de álava, en ...', 'rios', 'araba/álava', 42.809638, -3.046388),
(773, 'piscinas fluviales de fresnedo', 'las piscinas fluviales de fresnedo se sitúan en la entrada de la localidad alavesa de sant...', 'rios', 'araba/álava', 42.6762516761553, -2.37030029296875),
(774, 'playa santiago de deba', 'la playa de santiago de deba se halla al oeste del litoral guipuzcoano, junto a la desembocadura ...', 'playas', 'gipuzkoa', 43.2983184172804, -2.354269509262167),
(775, 'playa de alkolea', 'alkolea es una playa de rocas muy frecuentada por surfistas y por aficionados a la pesca submarin...', 'playas', 'gipuzkoa', 43.30762578068058, -2.3710132372955286),
(776, 'playa de antilla', 'la principal playa de orio se encuentra en un entorno excepcional, junto a la desembocadura del o...', 'playas', 'gipuzkoa', 43.288723, -2.127956),
(777, 'playa de aritxatxu', 'la playa de aritxatxu, situada en el municipio vizcaíno de bermeo, forma una pequeñ...', 'playas', 'bizkaia', 43.428484, -2.737924),
(778, 'playa de armintza', 'pequeño barrio pesquero del municipio de lemoiz, un lugar con mucho encanto donde se suced...', 'playas', 'bizkaia', 43.43321809894, -2.898966690000634),
(779, 'playa de arrigorri', 'la playa de arrigorri está situada en el municipio de ondarroa, en bizkaia. además ...', 'playas', 'bizkaia', 43.32285365608519, -2.4192082803955373),
(780, 'playa de arrigunaga', 'la playa de arrigunaga se encuentra en el municipio de getxo, en bizkaia. ubicada bajo los acanti...', 'playas', 'bizkaia', 43.358253, -3.018707),
(781, 'playa de bakio', 'la hermosa playa de bakio, situada en el municipio vizcaíno del mismo nombre, cuenta con u...', 'playas', 'bizkaia', 43.4302345617966, -2.80576229095459),
(782, 'playa de barinatxe', 'enclavada entre los municipios vizcaínos de sopela y getxo, la playa de barinatxe est&aacu...', 'playas', 'bizkaia bizkaia', NULL, NULL),
(783, 'playa de barrika', 'la playa de barrika, enclavada en el municipio del mismo nombre y a 25 km de bilbao, es una playa...', 'playas', 'bizkaia', 43.40545839853304, -2.972990221309601),
(784, 'playa de ea', 'la playa de ea se halla en el municipio del mismo nombre, en la costa oriental de bizkaia.  al ...', 'playas', 'bizkaia', 43.380135, -2.585593),
(785, 'playa de ereaga', 'la playa de ereaga se encuentra en el municipio de getxo, entre el puerto viejo de algorta y el e...', 'playas', 'bizkaia', 43.34189, -3.013635),
(786, 'playa de gaztetape', 'la playa de gaztetape se esconde al oeste del monte san antón, más conocido por el ...', 'playas', 'gipuzkoa', 43.303655403374485, -2.206051341625198),
(787, 'playa de gorliz', 'sus extensas arenas y la seguridad de su baño hacen que esta playa sea preferida por las f...', 'playas', 'bizkaia', 43.4183904607326, -2.94570922851563),
(788, 'playa de gorrondatxe (azkorri)', 'gorrondatxe es la cuarta playa de getxo y quizá la menos accesible, pero la m&aa...', 'playas', 'bizkaia', 43.3791013350026, -3.02021026611328),
(789, 'playa de hondarribia', 'la playa de hondarribia está ubicada en el extremo oriental del litoral guipuzcoano, concr...', 'playas', 'gipuzkoa', 43.3797889, -1.7945024000000558),
(790, 'playa de hondartzape', 'la playa de hondartzape está ubicada en el municipio vizcaíno de mundaka, a 36 km d...', 'playas', 'bizkaia', 43.407335, -2.698322),
(791, 'playa de isuntza', 'la playa de isuntza se encuentra en el municipio de lekeitio, al este del litoral vizcaíno...', 'playas', 'bizkaia', 43.3632537512373, -2.50110626220703),
(792, 'playa de itzurun', 'la playa de itzurun, en zumaia, forma parte de uno de los tramos más espectaculares del li...', 'playas', 'gipuzkoa', 43.30055372541465, -2.2604322519287052),
(793, 'playa de kanala', 'la playa de kanala está ubicada en el municipio vizcaíno de gautegiz-arteaga, en la...', 'playas', 'bizkaia', 43.3845908706076, -2.68117904663086),
(794, 'playa de kanalape', 'la playa de kanalape es uno de los arenales que se forman en la ría de gernika. est&aacute...', 'playas', 'bizkaia', 43.381846164937, -2.67851829528809),
(795, 'playa de karraspio', 'la hermosa playa de karraspio pertenece al municipio de mendexa, aunque prácticamente se e...', 'playas', 'bizkaia', 43.3628169481706, -2.49423980712891),
(796, 'playa de la arena', 'situada entre muskiz y zierbena, la hermosa playa de la arena tiene 966 metros de longitud y es u...', 'playas', 'bizkaia bizkaia', NULL, NULL),
(797, 'playa de la concha', 'la incomparable playa de la concha es una de las señas de identidad de san sebastiá...', 'playas', 'gipuzkoa', 43.3181840687112, -1.98646545410156),
(798, 'playa de laga', 'la hermosa playa dunar de laga, enclavada en la reserva de la biosfera de urdaibai y junto al cab...', 'playas', 'bizkaia', 43.4090382177706, -2.65663146972656),
(799, 'playa de laida', 'la playa de laida pertenece al municipio vizcaíno de ibarrangelu y está ubicada en ...', 'playas', 'bizkaia', 43.39957539567573, -2.6856207847595215),
(800, 'playa de laidatxu', 'la playa de laidatxu se halla en el municipio vizcaíno de mundaka, muy cerca del casco urb...', 'playas', 'bizkaia', 43.4049851306295, -2.69937515258789),
(801, 'playa de landa', 'situada en el embalse de ullibarri-gamboa tiene 40 ha y 500 metros de playa. el pantano al que se...', 'playas', 'araba/álava', 42.9400128416397, -2.6054306386230337),
(802, 'playa de las arenas', 'la playa de las arenas se encuentra en el municipio vizcaíno de getxo, en el abra de bilba...', 'playas', 'bizkaia', 43.3264264544351, -3.0177640914917),
(803, 'playa de malkorbe', 'la playa de malkorbe es uno de los dos arenales que tiene getaria. está situada cerca del ...', 'playas', 'gipuzkoa', 43.301297, -2.2021),
(804, 'playa de meñakoz', 'ideal para quienes busquen espacios solitarios y tranquilos, la playa salvaje de meñakoz p...', 'playas', 'bizkaia', 43.3951630640074, -2.98562049865723),
(805, 'playa de muriola', 'también conocida como la cantera, está playa nudista está ubicada a 10 minut...', 'playas', 'bizkaia', 43.4130286847514, -2.95995712280273),
(806, 'playa de ogeia', 'la playa de ogeia se halla en el municipio de ispaster, en la costa oriental de bizkaia. esta apa...', 'playas', 'bizkaia', 43.3732369638364, -2.54573822021484),
(807, 'playa de ondarbeltz', 'tal y como indica su nombre en euskera, esta playa de aguas tranquilas está compuesta de u...', 'playas', 'gipuzkoa', 43.301412, -2.357451),
(808, 'playa de ondarreta', 'situada en el extremo oeste de la capital donostiarra, al abrigo del monte igeldo y frente a la i...', 'playas', 'gipuzkoa', 43.317184915667, -2.00277328491211),
(809, 'playa de plentzia', 'contigua a la playa de gorliz, es uno de los arenales más frecuentados de la costa vizca&i...', 'playas', 'bizkaia', 43.4112828877988, -2.94708251953125),
(810, 'playa de san antonio', 'la playa de san antonio se encuentra entre las localidades de busturia y sukarrieta, en la margen...', 'playas', 'bizkaia bizkaia', NULL, NULL),
(811, 'playa de santiago', 'la playa de santiago está situada en las afueras de zumaia, entre las marismas de la desem...', 'playas', 'gipuzkoa', 43.30194579605323, -2.2511672973632812),
(812, 'playa de saturraran', 'emplazado en el extremo occidental del litoral guipuzcoano, lindando con bizkaia, la playa de sat...', 'playas', 'gipuzkoa', 43.3218058607707, -2.41098403930664),
(813, 'playa de toña', 'protegida por la isla de txatxarramendi, esta tranquila y acogedora cala se asoma a la ría...', 'playas', 'bizkaia', 43.3910778627597, -2.69182205200195),
(814, 'playa de zarautz', 'la playa de zarautz llama especialmente la atención por su extensa longitud, con 2.500 met...', 'playas', 'gipuzkoa', 43.28770636426836, -2.1728876364929874),
(815, 'playa de la isla de santa clara', 'este pequeño arenal se encuentra en el costado del embarcadero de la isla de santa clara, ...', 'playas', 'gipuzkoa', 43.32071050956413, -1.9996527338684018),
(816, 'playa de la zurriola', 'la playa de la zurriola se halla en el barrio donostiarra de gros, bajo la atenta mirada del pala...', 'playas', 'gipuzkoa', 43.327175706778, -1.97359085083008),
(817, 'playa del puerto (mutriku)', 'tal y como su propio nombre indica, esta pequeña playa urbana se sitúa junto al pue...', 'playas', 'gipuzkoa', 43.310945042006956, -2.380482422584464),
(818, 'playas de arrietara y atxabiribil', 'las amplias y tranquilas playas sopela, arrietara y atxabiribil, comparten arena, aunque no hay d...', 'playas', 'bizkaia', 43.389749, -2.992836),
(819, 'playas de garaio', 'en euskadi no es imprescindible acercarse al mar para disfrutar de magníficas playas. a un...', 'playas', 'araba/álava araba/álava', NULL, NULL),
(820, 'zierbena-puerto', 'situada en la costa occidental de bizkaia, esta playa artificial de tan sólo 100 metros de...', 'playas', 'bizkaia', 43.350007, -3.077422);

-- --------------------------------------------------------

--
-- Table structure for table `entornosmuni`
--

CREATE TABLE `entornosmuni` (
  `Entorno` int(11) NOT NULL,
  `Municipio` int(11) NOT NULL
) ENGINE=InnoDB DEFAULT CHARSET=utf8mb4;

--
-- Dumping data for table `entornosmuni`
--

INSERT INTO `entornosmuni` (`Entorno`, `Municipio`) VALUES
(767, 3084),
(769, 3066),
(771, 3266),
(773, 3112),
(774, 3113),
(775, 3218),
(776, 3230),
(777, 3104),
(778, 3195),
(779, 3225),
(780, 3150),
(781, 3088),
(783, 3092),
(784, 3117),
(785, 3150),
(786, 3149),
(787, 3153),
(788, 3150),
(789, 3158),
(790, 3212),
(791, 3193),
(792, 3289),
(793, 3146),
(794, 3146),
(795, 3208),
(798, 3160),
(799, 3160),
(800, 3212),
(802, 3150),
(803, 3149),
(804, 3092),
(805, 3092),
(806, 3168),
(807, 3218),
(809, 3239),
(811, 3289),
(812, 3218),
(813, 3254),
(814, 3278),
(817, 3218),
(818, 3251),
(820, 3284);

-- --------------------------------------------------------

--
-- Table structure for table `estaciones`
--

CREATE TABLE `estaciones` (
  `Id` int(11) NOT NULL,
  `Nombre` varchar(100) NOT NULL,
  `Municipio` int(11) NOT NULL,
  `Direccion` varchar(500) NOT NULL,
  `CoordenadaX` double DEFAULT NULL,
  `CoordenadaY` double DEFAULT NULL,
  `Latitud` double DEFAULT NULL,
  `Longitud` double DEFAULT NULL
) ENGINE=InnoDB DEFAULT CHARSET=utf8mb4;

--
-- Dumping data for table `estaciones`
--

INSERT INTO `estaciones` (`Id`, `Nombre`, `Municipio`, `Direccion`, `CoordenadaX`, `CoordenadaY`, `Latitud`, `Longitud`) VALUES
(395, '3 de marzo', 3269, 'plaza tres de marzo, s/n', NULL, NULL, 42.85604797053618, -2.667784994714487),
(396, 'abanto', 3042, 'avda. del minero, 2. ayuntamiento', NULL, NULL, 43.32047399433485, -3.0741559961978044),
(397, 'algorta (bbizi2)', 3150, 'carretera de galea, s/n ', NULL, NULL, 43.362055748944286, -3.0227822073211765),
(398, 'alonsotegi', 3051, 'c/ baztieta, s/n. bº irauregi', NULL, NULL, 43.247567997964374, -2.988024000380936),
(399, 'andoain', 3058, 'ikastola aita larramendi', NULL, NULL, 43.22137866586519, -2.02332524753123),
(400, 'arraiz (monte)', 3110, 'camino de arraiz, s/n', NULL, NULL, 43.245553729819484, -2.960475856567045),
(401, 'ategorrieta', 3246, 'avda. ategorrieta, 71', NULL, NULL, 43.32199194732484, -1.960650618338729),
(402, 'av. gasteiz', 3269, 'avda. gasteiz, 97', NULL, NULL, 42.85478118366939, -2.6807098224581067),
(403, 'avda. tolosa', 3246, 'c/ andrestegi, 2 ', NULL, NULL, 43.30941344063433, -2.010938423674493),
(404, 'azpeitia', 3086, 'c/ perdillegi, s/n', NULL, NULL, 43.180370053194196, -2.2682104189344456),
(405, 'añorga', 3246, 'avda. de añorga, 12 (añorga txiki)', NULL, NULL, 43.29053138556358, -1.9957411467011474),
(406, 'banderas (meteo)', 3110, 'monte banderas, s/n', NULL, NULL, 43.28099012364825, -2.953278416670214),
(407, 'barakaldo', 3091, 'c/ hogar propio, 7. cifp nicolás larburu', NULL, NULL, 43.298378997955, -2.987132999827669),
(408, 'basauri', 3094, 'c/ uribarri, 5. ceip bizkotxalde.', NULL, NULL, 43.24113129588412, -2.8837610228035238),
(409, 'beasain', 3096, 'plaza gipuzkoa, 1', NULL, NULL, 43.04809432240711, -2.191380269702985),
(410, 'boroa meteo', 3055, 'parque empresarial boroa, s/n', NULL, NULL, 43.23590459584916, -2.7506874305174405),
(411, 'castrejana', 3091, 'c/ larrazabal, 1. bº castrejana', NULL, NULL, 43.25807942736176, -2.973456590856772),
(412, 'durango', 3116, 'c/ san roque, 20 bajo. e.s. roque', NULL, NULL, 43.168285997690994, -2.6379580009450136),
(413, 'easo', 3246, 'plaza del centenario, s/n', NULL, NULL, 43.31215280742268, -1.9809008637096939),
(414, 'elciego', 3121, 'c/ gabriel celaya, 8', NULL, NULL, 42.51824807424149, -2.61947521199466),
(415, 'erandio', 3127, 'avda. josé luis goyoaga, s/n (pasaje de altzaga)', NULL, NULL, 43.3026526345891, -2.9772399863752486),
(416, 'europa', 3110, 'parque europa. bº txurdinaga', NULL, NULL, 43.25491056506432, -2.902376115931137),
(417, 'farmacia', 3269, 'paseo universidad, 7. fac. farmacia upv', NULL, NULL, 42.840099615592926, -2.672563184280286),
(418, 'feria (meteo)', 3110, 'c/ rafael moreno pitxitxi, s/n', NULL, NULL, 43.26522199716327, -2.9475439999557134),
(419, 'hernani', 3156, 'c/ aristizabal, s/n. centro de salud hernani.', NULL, NULL, 43.26743142273141, -1.977715640356133),
(420, 'jaizkibel', 3158, 'monte jaizkibel, s/n', NULL, NULL, 43.342775184321106, -1.8594129027945114),
(421, 'larrabetzu', 3182, 'barrio berrezoaga, 3', NULL, NULL, 43.261226121618066, -2.799399084312731),
(422, 'las carreras', 3042, 'plaza trinidad, s/n. bº las carreras', NULL, NULL, 43.31960312849335, -3.0973975060209376),
(423, 'lasarte-oria', 3184, 'parque tximistarreta', NULL, NULL, 43.26870022418793, -2.0191293415933154),
(424, 'lezo', 3198, 'plaza polantzarene, s/n', NULL, NULL, 43.32152243586307, -1.900131049811533),
(425, 'los herran', 3269, 'parque judizmendi. bº judizmendi', NULL, NULL, 42.84370295644861, -2.661230556636825),
(426, 'mazarredo', 3110, 'c/ alameda mazarredo, s/n (guggenheim)', NULL, NULL, 43.26750551179745, -2.935188110338201),
(427, 'mondragon', 3070, 'plaza jose maría arizmendiarrieta, s/n', NULL, NULL, 43.06412079434686, -2.4903966831445423),
(428, 'montorra', 3055, 'barrio montorra fte. nº5', NULL, NULL, 43.209014222504145, -2.7165885073623226),
(429, 'mundaka', 3212, 'camino goitiz, s/n. depósito de agua', NULL, NULL, 43.40588884294258, -2.7031593675211343),
(430, 'munoa', 3091, 'c/ llano, 55. cep munoa. bº lutxana', NULL, NULL, 43.28558799716144, -2.978696000976749),
(431, 'muskiz', 3216, 'c/ giba fregenal, s/n. estación de renfe', NULL, NULL, 43.32071311956527, -3.1127162723783197),
(432, 'mª diaz haro', 3110, 'c/ mª díaz de haro, 60', NULL, NULL, 43.25880286639215, -2.945656664175787),
(433, 'nautica', 3240, 'c/ mª díaz de haro, 68 (esc. náutica)', NULL, NULL, 43.32694444265417, -3.023333333735672),
(434, 'pagoeta', 3044, 'jardín botánico de iturraran. parque natural de pagoeta. ', NULL, NULL, 43.25060521979407, -2.1548873966664503),
(435, 'puyo', 3246, 'camino de puyo, 14', NULL, NULL, 43.302777170621106, -1.9840112864449164),
(436, 'san julian', 3216, 'camino a valles, s/n. bº san julian', NULL, NULL, 43.33265015831669, -3.112994770178107),
(437, 'san miguel', 3094, 'parque pinceles. bº san miguel', NULL, NULL, 43.2212234317361, -2.886508983250916),
(438, 'sangroniz', 3250, 'c/ iturrikosolo, s/n', NULL, NULL, 43.29842135635236, -2.93038581833024),
(439, 'santurce', 3247, 'c/ vista alegre, 29 ', NULL, NULL, 43.33301199742545, -3.042560000349237),
(440, 'serantes', 3247, 'camino serantes igoera, s/n', NULL, NULL, 43.3344367083824, -3.0629905698856272),
(441, 'sestao', 3249, 'parque portopin', NULL, NULL, 43.307726099387494, -2.9959496198447484),
(442, 'tolosa', 3255, 'avda. martin jose iraola, 23', NULL, NULL, 43.13078067861342, -2.078002156707588),
(443, 'urkiola', 3040, 'urkiola auzoa, 8', NULL, NULL, 43.100442429429606, -2.6508700717196243),
(444, 'usurbil', 3263, 'san inazio', NULL, NULL, 43.27378032307657, -2.0505110667115676),
(445, 'zalla', 3274, 'avda. kosme bibanko etxebarria, 2', NULL, NULL, 43.2128572411877, -3.134461258966499),
(446, 'zelaieta parque', 3055, 'parque zelaieta ', NULL, NULL, 43.21890568490462, -2.7344969803118295),
(447, 'zierbena (puerto)', 3284, 'puerto de zierbena, s/n. bº el puerto', NULL, NULL, 43.35305543364201, -3.080988277376953),
(448, 'zubieta', 3246, 'uribitarte ibilbidea', NULL, NULL, 43.272061873363164, -2.0313507420960284),
(449, 'zubieta meteo', 3246, 'zubieta', NULL, NULL, 43.25597376352475, -2.0317166856330036),
(450, 'zumarraga', 3290, 'grupo izazpi 3, 6 ', NULL, NULL, 43.08507598449891, -2.316228856182885);

-- --------------------------------------------------------

--
-- Table structure for table `horario`
--

CREATE TABLE `horario` (
  `Id` int(11) NOT NULL,
  `Fecha` date DEFAULT NULL,
  `Hora` varchar(10) DEFAULT NULL,
  `COmgm3` double DEFAULT NULL,
  `NOgm3` double DEFAULT NULL,
  `NO2` double DEFAULT NULL,
  `NO2ICA` varchar(50) DEFAULT NULL,
  `NOXgm3` double DEFAULT NULL,
  `PM10` double DEFAULT NULL,
  `PM10ICA` varchar(50) DEFAULT NULL,
  `PM25` double DEFAULT NULL,
  `PM25ICA` varchar(50) DEFAULT NULL,
  `SO2` double DEFAULT NULL,
  `SO2ICA` varchar(50) DEFAULT NULL,
  `ICAEstacion` varchar(50) DEFAULT NULL,
  `Informe` int(11) NOT NULL
) ENGINE=InnoDB DEFAULT CHARSET=utf8mb4;

--
-- Dumping data for table `horario`
--

INSERT INTO `horario` (`Id`, `Fecha`, `Hora`, `COmgm3`, `NOgm3`, `NO2`, `NO2ICA`, `NOXgm3`, `PM10`, `PM10ICA`, `PM25`, `PM25ICA`, `SO2`, `SO2ICA`, `ICAEstacion`, `Informe`) VALUES
(5059, '2021-01-20', NULL, NULL, 1, NULL, NULL, 7, NULL, NULL, NULL, NULL, NULL, NULL, NULL, 658),
(5060, '2021-01-21', '19:00', NULL, 1, 2, NULL, 4, 4.08, NULL, NULL, NULL, 4, NULL, 'muy bueno / oso ona', 659),
(5061, '2021-01-21', '18:00', NULL, 1, 4, NULL, 6, 4.17, NULL, NULL, NULL, 4, NULL, 'muy bueno / oso ona', 659),
(5062, '2021-01-21', '17:00', NULL, 1, 5, NULL, 6, 4.13, NULL, NULL, NULL, 4, NULL, 'muy bueno / oso ona', 659),
(5063, '2021-01-21', '16:00', NULL, 2, 4, NULL, 7, 4.13, NULL, NULL, NULL, 4, NULL, 'muy bueno / oso ona', 659),
(5064, '2021-01-21', '15:00', NULL, 1, 2, NULL, 5, 4.21, NULL, NULL, NULL, 4, NULL, 'muy bueno / oso ona', 659),
(5065, '2021-01-21', '14:00', NULL, 1, 3, NULL, 5, 4.25, NULL, NULL, NULL, 4, NULL, 'muy bueno / oso ona', 659),
(5066, '2021-01-21', '13:00', NULL, 1, 3, NULL, 5, 4.13, NULL, NULL, NULL, 4, NULL, 'muy bueno / oso ona', 659),
(5067, '2021-01-21', '12:00', NULL, 2, 3, NULL, 6, 4.13, NULL, NULL, NULL, 4, NULL, 'muy bueno / oso ona', 659),
(5068, '2021-01-21', '11:00', NULL, 2, 5, NULL, 8, 4.29, NULL, NULL, NULL, 4, NULL, 'muy bueno / oso ona', 659),
(5069, '2021-01-21', '10:00', NULL, 2, 5, NULL, 7, 4, NULL, NULL, NULL, 5, NULL, 'muy bueno / oso ona', 659),
(5070, '2021-01-21', '09:00', NULL, 1, 6, NULL, 7, 4, NULL, NULL, NULL, 4, NULL, 'muy bueno / oso ona', 659),
(5071, '2021-01-21', '08:00', NULL, 3, 6, NULL, 11, 4.17, NULL, NULL, NULL, 4, NULL, 'muy bueno / oso ona', 659),
(5072, '2021-01-21', '07:00', NULL, 1, 7, NULL, 8, 4.54, NULL, NULL, NULL, 4, NULL, 'muy bueno / oso ona', 659),
(5073, '2021-01-21', '06:00', NULL, 1, 4, NULL, 5, 4.92, NULL, NULL, NULL, 4, NULL, 'muy bueno / oso ona', 659),
(5074, '2021-01-21', '05:00', NULL, 1, 1, NULL, 3, 5.33, NULL, NULL, NULL, 0, NULL, 'muy bueno / oso ona', 659),
(5075, '2021-01-21', '04:00', NULL, 1, 0, NULL, 2, 5.96, NULL, NULL, NULL, 0, NULL, 'muy bueno / oso ona', 659),
(5076, '2021-01-21', '03:00', NULL, 1, 1, NULL, 3, 6.46, NULL, NULL, NULL, 0, NULL, 'muy bueno / oso ona', 659),
(5077, '2021-01-21', '02:00', NULL, 1, 2, NULL, 4, 6.71, NULL, NULL, NULL, 0, NULL, 'muy bueno / oso ona', 659),
(5078, '2021-01-21', '01:00', NULL, 1, 1, NULL, 3, 6.79, NULL, NULL, NULL, 0, NULL, 'muy bueno / oso ona', 659),
(5079, '2021-01-20', NULL, NULL, 1, NULL, NULL, 6, NULL, NULL, NULL, NULL, NULL, NULL, NULL, 661),
(5080, '2021-01-21', '19:00', NULL, 1, 6, NULL, 7, 2.63, NULL, NULL, NULL, NULL, NULL, 'muy bueno / oso ona', 662),
(5081, '2021-01-21', '18:00', NULL, 1, 5, NULL, 7, 2.63, NULL, NULL, NULL, NULL, NULL, 'muy bueno / oso ona', 662),
(5082, '2021-01-21', '17:00', NULL, 1, 6, NULL, 7, 2.67, NULL, NULL, NULL, NULL, NULL, 'muy bueno / oso ona', 662),
(5083, '2021-01-21', '16:00', NULL, 1, 4, NULL, 7, 2.67, NULL, NULL, NULL, NULL, NULL, 'muy bueno / oso ona', 662),
(5084, '2021-01-21', '15:00', NULL, 1, 4, NULL, 6, 2.67, NULL, NULL, NULL, NULL, NULL, 'muy bueno / oso ona', 662),
(5085, '2021-01-21', '14:00', NULL, 1, 3, NULL, 5, 2.67, NULL, NULL, NULL, NULL, NULL, 'muy bueno / oso ona', 662),
(5086, '2021-01-21', '13:00', NULL, 1, 4, NULL, 5, 2.67, NULL, NULL, NULL, NULL, NULL, 'muy bueno / oso ona', 662),
(5087, '2021-01-21', '12:00', NULL, 1, 5, NULL, 7, 2.71, NULL, NULL, NULL, NULL, NULL, 'muy bueno / oso ona', 662),
(5088, '2021-01-21', '11:00', NULL, 1, 5, NULL, 6, 2.83, NULL, NULL, NULL, NULL, NULL, 'muy bueno / oso ona', 662),
(5089, '2021-01-21', '10:00', NULL, 1, 4, NULL, 6, 3.04, NULL, NULL, NULL, NULL, NULL, 'muy bueno / oso ona', 662),
(5090, '2021-01-21', '09:00', NULL, 1, 5, NULL, 6, 3.33, NULL, NULL, NULL, NULL, NULL, 'muy bueno / oso ona', 662),
(5091, '2021-01-21', '08:00', NULL, 2, 12, NULL, 16, 3.63, NULL, NULL, NULL, NULL, NULL, 'muy bueno / oso ona', 662),
(5092, '2021-01-21', '07:00', NULL, 2, 12, NULL, 15, 4, NULL, NULL, NULL, NULL, NULL, 'muy bueno / oso ona', 662),
(5093, '2021-01-21', '06:00', NULL, 1, 4, NULL, 6, 4.38, NULL, NULL, NULL, NULL, NULL, 'muy bueno / oso ona', 662),
(5094, '2021-01-21', '05:00', NULL, 1, 3, NULL, 4, 4.75, NULL, NULL, NULL, NULL, NULL, 'muy bueno / oso ona', 662),
(5095, '2021-01-21', '04:00', NULL, 1, 2, NULL, 3, 5.13, NULL, NULL, NULL, NULL, NULL, 'muy bueno / oso ona', 662),
(5096, '2021-01-21', '03:00', NULL, 1, 1, NULL, 3, 5.46, NULL, NULL, NULL, NULL, NULL, 'muy bueno / oso ona', 662),
(5097, '2021-01-21', '02:00', NULL, 1, 2, NULL, 3, 5.63, NULL, NULL, NULL, NULL, NULL, 'muy bueno / oso ona', 662),
(5098, '2021-01-21', '01:00', NULL, 1, 2, NULL, 3, 5.75, NULL, NULL, NULL, NULL, NULL, 'muy bueno / oso ona', 662),
(5099, '2021-01-20', NULL, NULL, 1, NULL, NULL, 7, NULL, NULL, NULL, NULL, NULL, NULL, NULL, 664),
(5100, '2021-01-21', '19:00', NULL, 1, 15, NULL, 18, 4.13, NULL, 2.46, NULL, 3, NULL, 'muy bueno / oso ona', 665),
(5101, '2021-01-21', '18:00', NULL, 1, 17, NULL, 19, 4.33, NULL, 2.58, NULL, 3, NULL, 'muy bueno / oso ona', 665),
(5102, '2021-01-21', '17:00', NULL, 1, 13, NULL, 16, 4.54, NULL, 2.71, NULL, 3, NULL, 'muy bueno / oso ona', 665),
(5103, '2021-01-21', '16:00', NULL, 3, 15, NULL, 20, 4.71, NULL, 2.88, NULL, 3, NULL, 'muy bueno / oso ona', 665),
(5104, '2021-01-21', '15:00', NULL, 1, 9, NULL, 11, 4.92, NULL, 3.08, NULL, 3, NULL, 'muy bueno / oso ona', 665),
(5105, '2021-01-21', '14:00', NULL, 2, 13, NULL, 16, 5.17, NULL, 3.25, NULL, 3, NULL, 'muy bueno / oso ona', 665),
(5106, '2021-01-21', '13:00', NULL, 2, 13, NULL, 15, 5.5, NULL, 3.46, NULL, 3, NULL, 'muy bueno / oso ona', 665),
(5107, '2021-01-21', '12:00', NULL, 1, 9, NULL, 11, 5.83, NULL, 3.75, NULL, 3, NULL, 'muy bueno / oso ona', 665),
(5108, '2021-01-21', '11:00', NULL, 1, 7, NULL, 8, 6.25, NULL, 4.04, NULL, 3, NULL, 'muy bueno / oso ona', 665),
(5109, '2021-01-21', '10:00', NULL, 1, 9, NULL, 11, 6.63, NULL, 4.38, NULL, 3, NULL, 'muy bueno / oso ona', 665),
(5110, '2021-01-21', '09:00', NULL, 5, 26, NULL, 32, 6.92, NULL, 4.67, NULL, 3, NULL, 'muy bueno / oso ona', 665),
(5111, '2021-01-21', '08:00', NULL, 5, 45, NULL, 53, 7.17, NULL, 4.96, NULL, 3, NULL, 'bueno / ona', 665),
(5112, '2021-01-21', '07:00', NULL, 3, 33, NULL, 38, 7.38, NULL, 5.13, NULL, 3, NULL, 'muy bueno / oso ona', 665),
(5113, '2021-01-21', '06:00', NULL, 2, 30, NULL, 33, 7.54, NULL, 5.29, NULL, 3, NULL, 'muy bueno / oso ona', 665),
(5114, '2021-01-21', '05:00', NULL, 0, 15, NULL, 15, 7.63, NULL, 5.38, NULL, 3, NULL, 'muy bueno / oso ona', 665),
(5115, '2021-01-21', '04:00', NULL, 0, 8, NULL, 9, 7.67, NULL, 5.46, NULL, 3, NULL, 'muy bueno / oso ona', 665),
(5116, '2021-01-21', '03:00', NULL, 0, 11, NULL, 11, 7.75, NULL, 5.54, NULL, 3, NULL, 'muy bueno / oso ona', 665),
(5117, '2021-01-21', '02:00', NULL, 0, 13, NULL, 14, 7.75, NULL, 5.67, NULL, 3, NULL, 'muy bueno / oso ona', 665),
(5118, '2021-01-21', '01:00', NULL, 0, 11, NULL, 11, 7.83, NULL, 5.88, NULL, 3, NULL, 'muy bueno / oso ona', 665),
(5119, '2021-01-20', NULL, 0.37, 2, NULL, NULL, 15, NULL, NULL, NULL, NULL, NULL, NULL, NULL, 667),
(5120, '2021-01-21', '19:00', 0.38, 9, 24, NULL, 37, 6.08, NULL, 2.5, NULL, NULL, NULL, 'muy bueno / oso ona', 668),
(5121, '2021-01-21', '18:00', 0.37, 8, 22, NULL, 35, 6.13, NULL, 2.46, NULL, NULL, NULL, 'muy bueno / oso ona', 668),
(5122, '2021-01-21', '17:00', 0.39, 9, 21, NULL, 35, 6, NULL, 2.29, NULL, NULL, NULL, 'muy bueno / oso ona', 668),
(5123, '2021-01-21', '16:00', 0.4, 10, 20, NULL, 35, 6.21, NULL, 2.54, NULL, NULL, NULL, 'muy bueno / oso ona', 668),
(5124, '2021-01-21', '15:00', 0.39, 9, 19, NULL, 33, 6.58, NULL, 2.83, NULL, NULL, NULL, 'muy bueno / oso ona', 668),
(5125, '2021-01-21', '14:00', 0.42, 10, 23, NULL, 38, 6.92, NULL, 2.96, NULL, NULL, NULL, 'muy bueno / oso ona', 668),
(5126, '2021-01-21', '13:00', 0.41, 9, 21, NULL, 34, 6.75, NULL, 2.96, NULL, NULL, NULL, 'muy bueno / oso ona', 668),
(5127, '2021-01-21', '12:00', 0.4, 8, 19, NULL, 31, 6.58, NULL, 2.96, NULL, NULL, NULL, 'muy bueno / oso ona', 668),
(5128, '2021-01-21', '11:00', 0.4, 7, 17, NULL, 27, 6.63, NULL, 3.04, NULL, NULL, NULL, 'muy bueno / oso ona', 668),
(5129, '2021-01-21', '10:00', 0.4, 8, 24, NULL, 37, 7, NULL, 3.13, NULL, NULL, NULL, 'muy bueno / oso ona', 668),
(5130, '2021-01-21', '09:00', 0.46, 11, 30, NULL, 48, 7.04, NULL, 3.33, NULL, NULL, NULL, 'muy bueno / oso ona', 668),
(5131, '2021-01-21', '08:00', 0.5, 24, 46, NULL, 83, 7.33, NULL, 3.63, NULL, NULL, NULL, 'bueno / ona', 668),
(5132, '2021-01-21', '07:00', 0.42, 17, 42, NULL, 67, 7.71, NULL, 3.54, NULL, NULL, NULL, 'bueno / ona', 668),
(5133, '2021-01-21', '06:00', 0.37, 3, 14, NULL, 19, 7.92, NULL, 3.79, NULL, NULL, NULL, 'muy bueno / oso ona', 668),
(5134, '2021-01-21', '05:00', 0.37, 4, 5, NULL, 12, 8, NULL, 3.67, NULL, NULL, NULL, 'muy bueno / oso ona', 668),
(5135, '2021-01-21', '04:00', 0.35, 1, 4, NULL, 5, 7.96, NULL, 3.67, NULL, NULL, NULL, 'muy bueno / oso ona', 668),
(5136, '2021-01-21', '03:00', 0.35, 0, 6, NULL, 6, 8.04, NULL, 3.63, NULL, NULL, NULL, 'muy bueno / oso ona', 668),
(5137, '2021-01-21', '02:00', 0.35, 0, 7, NULL, 8, 8, NULL, 3.58, NULL, NULL, NULL, 'muy bueno / oso ona', 668),
(5138, '2021-01-21', '01:00', 0.35, 0, 6, NULL, 6, 8.13, NULL, 3.67, NULL, NULL, NULL, 'muy bueno / oso ona', 668),
(5139, '2021-01-20', NULL, NULL, 3, NULL, NULL, 13, NULL, NULL, NULL, NULL, NULL, NULL, NULL, 670),
(5140, '2021-01-21', '19:00', NULL, 4, 16, NULL, 22, 5.88, NULL, NULL, NULL, NULL, NULL, 'muy bueno / oso ona', 671),
(5141, '2021-01-21', '18:00', NULL, 6, 14, NULL, 23, 5.96, NULL, NULL, NULL, NULL, NULL, 'muy bueno / oso ona', 671),
(5142, '2021-01-21', '17:00', NULL, 7, 16, NULL, 26, 6.17, NULL, NULL, NULL, NULL, NULL, 'muy bueno / oso ona', 671),
(5143, '2021-01-21', '16:00', NULL, 5, 11, NULL, 19, 6.25, NULL, NULL, NULL, NULL, NULL, 'muy bueno / oso ona', 671),
(5144, '2021-01-21', '15:00', NULL, 5, 10, NULL, 18, 6.29, NULL, NULL, NULL, NULL, NULL, 'muy bueno / oso ona', 671),
(5145, '2021-01-21', '14:00', NULL, 7, 16, NULL, 26, 6.42, NULL, NULL, NULL, NULL, NULL, 'muy bueno / oso ona', 671),
(5146, '2021-01-21', '13:00', NULL, 7, 14, NULL, 24, 6.58, NULL, NULL, NULL, NULL, NULL, 'muy bueno / oso ona', 671),
(5147, '2021-01-21', '12:00', NULL, 5, 10, NULL, 19, 6.79, NULL, NULL, NULL, NULL, NULL, 'muy bueno / oso ona', 671),
(5148, '2021-01-21', '11:00', NULL, 6, 15, NULL, 23, 6.83, NULL, NULL, NULL, NULL, NULL, 'muy bueno / oso ona', 671),
(5149, '2021-01-21', '10:00', NULL, 5, 10, NULL, 18, 7.04, NULL, NULL, NULL, NULL, NULL, 'muy bueno / oso ona', 671),
(5150, '2021-01-21', '09:00', NULL, 5, 17, NULL, 25, 7.25, NULL, NULL, NULL, NULL, NULL, 'muy bueno / oso ona', 671),
(5151, '2021-01-21', '08:00', NULL, 25, 43, NULL, 81, 7.46, NULL, NULL, NULL, NULL, NULL, 'bueno / ona', 671),
(5152, '2021-01-21', '07:00', NULL, 9, 30, NULL, 43, 7.58, NULL, NULL, NULL, NULL, NULL, 'muy bueno / oso ona', 671),
(5153, '2021-01-21', '06:00', NULL, 4, 21, NULL, 26, 7.75, NULL, NULL, NULL, NULL, NULL, 'muy bueno / oso ona', 671),
(5154, '2021-01-21', '05:00', NULL, 2, 9, NULL, 12, 7.83, NULL, NULL, NULL, NULL, NULL, 'muy bueno / oso ona', 671),
(5155, '2021-01-21', '04:00', NULL, 1, 4, NULL, 6, 7.96, NULL, NULL, NULL, NULL, NULL, 'muy bueno / oso ona', 671),
(5156, '2021-01-21', '03:00', NULL, 1, 5, NULL, 7, 8.08, NULL, NULL, NULL, NULL, NULL, 'muy bueno / oso ona', 671),
(5157, '2021-01-21', '02:00', NULL, 1, 3, NULL, 5, 8.08, NULL, NULL, NULL, NULL, NULL, 'muy bueno / oso ona', 671),
(5158, '2021-01-21', '01:00', NULL, 1, 4, NULL, 6, 8.17, NULL, NULL, NULL, NULL, NULL, 'muy bueno / oso ona', 671),
(5159, '2021-01-20', NULL, NULL, 0, NULL, NULL, 1, NULL, NULL, NULL, NULL, NULL, NULL, NULL, 673),
(5160, '2021-01-21', '19:00', NULL, 0, 3, NULL, 3, 4.92, NULL, 2.67, NULL, 2, NULL, 'muy bueno / oso ona', 674),
(5161, '2021-01-21', '18:00', NULL, 0, 3, NULL, 3, 5, NULL, 2.79, NULL, 2, NULL, 'muy bueno / oso ona', 674),
(5162, '2021-01-21', '17:00', NULL, 0, 4, NULL, 4, 5.08, NULL, 2.88, NULL, 2, NULL, 'muy bueno / oso ona', 674),
(5163, '2021-01-21', '16:00', NULL, 1, 3, NULL, 4, 5.25, NULL, 3.04, NULL, 2, NULL, 'muy bueno / oso ona', 674),
(5164, '2021-01-21', '15:00', NULL, 0, 2, NULL, 3, 5.42, NULL, 3.25, NULL, 2, NULL, 'muy bueno / oso ona', 674),
(5165, '2021-01-21', '14:00', NULL, 0, 3, NULL, 3, 5.67, NULL, 3.46, NULL, 2, NULL, 'muy bueno / oso ona', 674),
(5166, '2021-01-21', '13:00', NULL, 0, 3, NULL, 3, 5.88, NULL, 3.71, NULL, 2, NULL, 'muy bueno / oso ona', 674),
(5167, '2021-01-21', '12:00', NULL, 0, 2, NULL, 2, 6.08, NULL, 3.96, NULL, 2, NULL, 'muy bueno / oso ona', 674),
(5168, '2021-01-21', '11:00', NULL, 0, 3, NULL, 3, 6.25, NULL, 4.21, NULL, 2, NULL, 'muy bueno / oso ona', 674),
(5169, '2021-01-21', '10:00', NULL, 0, 5, NULL, 6, 6.5, NULL, 4.5, NULL, 2, NULL, 'muy bueno / oso ona', 674),
(5170, '2021-01-21', '09:00', NULL, 0, 9, NULL, 9, 6.88, NULL, 4.79, NULL, 2, NULL, 'muy bueno / oso ona', 674),
(5171, '2021-01-21', '08:00', NULL, 0, 11, NULL, 12, 7.25, NULL, 5.08, NULL, 2, NULL, 'muy bueno / oso ona', 674),
(5172, '2021-01-21', '07:00', NULL, 2, 15, NULL, 18, 7.75, NULL, 5.46, NULL, 2, NULL, 'muy bueno / oso ona', 674),
(5173, '2021-01-21', '06:00', NULL, 1, 9, NULL, 10, 8.46, NULL, 5.83, NULL, 2, NULL, 'muy bueno / oso ona', 674),
(5174, '2021-01-21', '05:00', NULL, 0, 1, NULL, 1, 8.67, NULL, 6.04, NULL, 2, NULL, 'muy bueno / oso ona', 674),
(5175, '2021-01-21', '04:00', NULL, 0, 0, NULL, 0, 8.83, NULL, 6.21, NULL, 2, NULL, 'muy bueno / oso ona', 674),
(5176, '2021-01-21', '03:00', NULL, 0, 0, NULL, 0, 8.96, NULL, 6.29, NULL, 2, NULL, 'muy bueno / oso ona', 674),
(5177, '2021-01-21', '02:00', NULL, 0, 1, NULL, 1, 9.08, NULL, 6.38, NULL, 2, NULL, 'muy bueno / oso ona', 674),
(5178, '2021-01-21', '01:00', NULL, 0, 1, NULL, 1, 9.21, NULL, 6.46, NULL, 2, NULL, 'muy bueno / oso ona', 674),
(5179, '2021-01-20', NULL, 0.2, 1, NULL, NULL, 9, NULL, NULL, NULL, NULL, NULL, NULL, NULL, 676),
(5180, '2021-01-21', '19:00', 0.22, 1, 7, NULL, 8, 4.21, NULL, 2.96, NULL, 2, NULL, 'muy bueno / oso ona', 677),
(5181, '2021-01-21', '18:00', 0.23, 1, 11, NULL, 12, 4.29, NULL, 3, NULL, 2, NULL, 'muy bueno / oso ona', 677),
(5182, '2021-01-21', '17:00', 0.22, 1, 10, NULL, 11, 4.17, NULL, 2.88, NULL, 3, NULL, 'muy bueno / oso ona', 677),
(5183, '2021-01-21', '16:00', 0.21, 1, 5, NULL, 6, 4.21, NULL, 2.88, NULL, 2, NULL, 'muy bueno / oso ona', 677),
(5184, '2021-01-21', '15:00', 0.2, 1, 4, NULL, 5, 4.29, NULL, 2.88, NULL, 3, NULL, 'muy bueno / oso ona', 677),
(5185, '2021-01-21', '14:00', 0.22, 1, 4, NULL, 5, 4.46, NULL, 3.04, NULL, 2, NULL, 'muy bueno / oso ona', 677),
(5186, '2021-01-21', '13:00', 0.23, 1, 6, NULL, 7, 4.58, NULL, 3.13, NULL, 2, NULL, 'muy bueno / oso ona', 677),
(5187, '2021-01-21', '12:00', 0.23, 1, 7, NULL, 8, 4.67, NULL, 3.21, NULL, 3, NULL, 'muy bueno / oso ona', 677),
(5188, '2021-01-21', '11:00', 0.21, 1, 5, NULL, 6, 5.04, NULL, 3.46, NULL, 2, NULL, 'muy bueno / oso ona', 677),
(5189, '2021-01-21', '10:00', 0.22, 1, 5, NULL, 6, 5.17, NULL, 3.58, NULL, 3, NULL, 'muy bueno / oso ona', 677),
(5190, '2021-01-21', '09:00', 0.21, 1, 7, NULL, 8, 5.54, NULL, 3.88, NULL, 2, NULL, 'muy bueno / oso ona', 677),
(5191, '2021-01-21', '08:00', 0.23, 1, 11, NULL, 12, 5.88, NULL, 4.17, NULL, 2, NULL, 'muy bueno / oso ona', 677),
(5192, '2021-01-21', '07:00', 0.23, 1, 9, NULL, 10, 6.29, NULL, 4.54, NULL, 3, NULL, 'muy bueno / oso ona', 677),
(5193, '2021-01-21', '06:00', 0.22, 0, 6, NULL, 6, 6.71, NULL, 4.92, NULL, 3, NULL, 'muy bueno / oso ona', 677),
(5194, '2021-01-21', '05:00', 0.21, 0, 3, NULL, 3, 7.13, NULL, 5.25, NULL, 3, NULL, 'muy bueno / oso ona', 677),
(5195, '2021-01-21', '04:00', 0.21, 0, 1, NULL, 1, 7.67, NULL, 5.67, NULL, 4, NULL, 'muy bueno / oso ona', 677),
(5196, '2021-01-21', '03:00', 0.21, 0, 0, NULL, 0, 8.08, NULL, 6.04, NULL, 2, NULL, 'muy bueno / oso ona', 677),
(5197, '2021-01-21', '02:00', 0.2, 0, 0, NULL, 0, 8.25, NULL, 6.17, NULL, 2, NULL, 'muy bueno / oso ona', 677),
(5198, '2021-01-21', '01:00', 0.2, 0, 1, NULL, 1, 8.46, NULL, 6.33, NULL, 3, NULL, 'muy bueno / oso ona', 677),
(5199, '2021-01-20', NULL, NULL, 2, NULL, NULL, 13, NULL, NULL, NULL, NULL, NULL, NULL, NULL, 679),
(5200, '2021-01-21', '19:00', NULL, 2, 5, NULL, 8, 3.88, NULL, NULL, NULL, 2, NULL, 'muy bueno / oso ona', 680),
(5201, '2021-01-21', '18:00', NULL, 2, 6, NULL, 9, 4, NULL, NULL, NULL, 2, NULL, 'muy bueno / oso ona', 680),
(5202, '2021-01-21', '17:00', NULL, 2, 6, NULL, 9, 4.04, NULL, NULL, NULL, 2, NULL, 'muy bueno / oso ona', 680),
(5203, '2021-01-21', '16:00', NULL, 2, 6, NULL, 9, 4, NULL, NULL, NULL, 2, NULL, 'muy bueno / oso ona', 680),
(5204, '2021-01-21', '15:00', NULL, 2, 5, NULL, 8, 4.04, NULL, NULL, NULL, 2, NULL, 'muy bueno / oso ona', 680),
(5205, '2021-01-21', '14:00', NULL, 2, 6, NULL, 9, 4.33, NULL, NULL, NULL, 2, NULL, 'muy bueno / oso ona', 680),
(5206, '2021-01-21', '13:00', NULL, 2, 6, NULL, 9, 4.54, NULL, NULL, NULL, 1, NULL, 'muy bueno / oso ona', 680),
(5207, '2021-01-21', '12:00', NULL, NULL, NULL, NULL, NULL, 4.54, NULL, NULL, NULL, 2, NULL, 'muy bueno / oso ona', 680),
(5208, '2021-01-21', '11:00', NULL, NULL, NULL, NULL, NULL, 4.71, NULL, NULL, NULL, NULL, NULL, 'muy bueno / oso ona', 680),
(5209, '2021-01-21', '10:00', NULL, NULL, NULL, NULL, NULL, 4.96, NULL, NULL, NULL, NULL, NULL, 'muy bueno / oso ona', 680),
(5210, '2021-01-21', '09:00', NULL, 2, 16, NULL, 19, 5.38, NULL, NULL, NULL, 3, NULL, 'muy bueno / oso ona', 680),
(5211, '2021-01-21', '08:00', NULL, 2, 24, NULL, 27, 5.79, NULL, NULL, NULL, 3, NULL, 'muy bueno / oso ona', 680),
(5212, '2021-01-21', '07:00', NULL, 2, 7, NULL, 10, 6.42, NULL, NULL, NULL, 3, NULL, 'muy bueno / oso ona', 680),
(5213, '2021-01-21', '06:00', NULL, 2, 5, NULL, 8, 7.13, NULL, NULL, NULL, 3, NULL, 'muy bueno / oso ona', 680),
(5214, '2021-01-21', '05:00', NULL, 1, 6, NULL, 8, 7.67, NULL, NULL, NULL, 3, NULL, 'muy bueno / oso ona', 680),
(5215, '2021-01-21', '04:00', NULL, 1, 2, NULL, 4, 8.46, NULL, NULL, NULL, 3, NULL, 'muy bueno / oso ona', 680),
(5216, '2021-01-21', '03:00', NULL, 1, 2, NULL, 4, 9.21, NULL, NULL, NULL, 3, NULL, 'muy bueno / oso ona', 680),
(5217, '2021-01-21', '02:00', NULL, 1, 2, NULL, 4, 9.79, NULL, NULL, NULL, 3, NULL, 'muy bueno / oso ona', 680),
(5218, '2021-01-21', '01:00', NULL, 1, 2, NULL, 4, 10.33, NULL, NULL, NULL, 3, NULL, 'muy bueno / oso ona', 680),
(5219, '2021-01-20', NULL, 0.13, 3, NULL, NULL, 14, NULL, NULL, NULL, NULL, NULL, NULL, NULL, 682),
(5220, '2021-01-21', '19:00', 0.17, 2, 22, NULL, 25, 6.96, NULL, 3.5, NULL, 2, NULL, 'muy bueno / oso ona', 683),
(5221, '2021-01-21', '18:00', 0.17, 4, 27, NULL, 33, 6.92, NULL, 3.58, NULL, 2, NULL, 'muy bueno / oso ona', 683),
(5222, '2021-01-21', '17:00', 0.17, 5, 30, NULL, 38, 6.83, NULL, 3.54, NULL, 2, NULL, 'muy bueno / oso ona', 683),
(5223, '2021-01-21', '16:00', 0.16, 4, 24, NULL, 31, 6.79, NULL, 3.38, NULL, 2, NULL, 'muy bueno / oso ona', 683),
(5224, '2021-01-21', '15:00', 0.16, 5, 20, NULL, 27, 6.83, NULL, 3.5, NULL, 2, NULL, 'muy bueno / oso ona', 683),
(5225, '2021-01-21', '14:00', 0.16, 5, 17, NULL, 24, 7.13, NULL, 3.79, NULL, 2, NULL, 'muy bueno / oso ona', 683),
(5226, '2021-01-21', '13:00', 0.15, 4, 19, NULL, 25, 7.63, NULL, 4.33, NULL, 2, NULL, 'muy bueno / oso ona', 683),
(5227, '2021-01-21', '12:00', 0.15, 5, 18, NULL, 25, 7.71, NULL, 4.54, NULL, 2, NULL, 'muy bueno / oso ona', 683),
(5228, '2021-01-21', '11:00', 0.15, 4, 16, NULL, 23, 7.83, NULL, 4.63, NULL, 2, NULL, 'muy bueno / oso ona', 683),
(5229, '2021-01-21', '10:00', 0.15, 4, 14, NULL, 19, 8.08, NULL, 4.58, NULL, 2, NULL, 'muy bueno / oso ona', 683),
(5230, '2021-01-21', '09:00', 0.17, 5, 26, NULL, 35, 8.29, NULL, 4.67, NULL, 2, NULL, 'muy bueno / oso ona', 683),
(5231, '2021-01-21', '08:00', 0.19, 16, 56, NULL, 81, 8.38, NULL, 4.63, NULL, 2, NULL, 'bueno / ona', 683),
(5232, '2021-01-21', '07:00', 0.2, 10, 46, NULL, 61, 8.67, NULL, 4.83, NULL, 2, NULL, 'bueno / ona', 683),
(5233, '2021-01-21', '06:00', 0.2, 9, 41, NULL, 54, 8.96, NULL, 5.13, NULL, 1, NULL, 'bueno / ona', 683),
(5234, '2021-01-21', '05:00', 0.2, 3, 27, NULL, 31, 9.21, NULL, 5.42, NULL, 2, NULL, 'muy bueno / oso ona', 683),
(5235, '2021-01-21', '04:00', 0.16, 1, 18, NULL, 20, 9.04, NULL, 5.5, NULL, 2, NULL, 'muy bueno / oso ona', 683),
(5236, '2021-01-21', '03:00', 0.15, 1, 8, NULL, 10, 9.04, NULL, 5.29, NULL, 2, NULL, 'muy bueno / oso ona', 683),
(5237, '2021-01-21', '02:00', 0.13, 1, 5, NULL, 7, 9.13, NULL, 5.33, NULL, 2, NULL, 'muy bueno / oso ona', 683),
(5238, '2021-01-21', '01:00', 0.13, 1, 4, NULL, 6, 9.13, NULL, 5.46, NULL, 2, NULL, 'muy bueno / oso ona', 683),
(5239, '2021-01-20', NULL, NULL, 2, NULL, NULL, 10, NULL, NULL, NULL, NULL, NULL, NULL, NULL, 685),
(5240, '2021-01-21', '19:00', NULL, 2, 6, NULL, 9, 2.29, NULL, NULL, NULL, NULL, NULL, 'muy bueno / oso ona', 686),
(5241, '2021-01-21', '18:00', NULL, 2, 7, NULL, 10, 2.29, NULL, NULL, NULL, NULL, NULL, 'muy bueno / oso ona', 686),
(5242, '2021-01-21', '17:00', NULL, 2, 6, NULL, 9, 2.33, NULL, NULL, NULL, NULL, NULL, 'muy bueno / oso ona', 686),
(5243, '2021-01-21', '16:00', NULL, 2, 7, NULL, 10, 2.38, NULL, NULL, NULL, NULL, NULL, 'muy bueno / oso ona', 686),
(5244, '2021-01-21', '15:00', NULL, 2, 6, NULL, 9, 2.38, NULL, NULL, NULL, NULL, NULL, 'muy bueno / oso ona', 686),
(5245, '2021-01-21', '14:00', NULL, 2, 6, NULL, 9, 2.33, NULL, NULL, NULL, NULL, NULL, 'muy bueno / oso ona', 686),
(5246, '2021-01-21', '13:00', NULL, 2, 6, NULL, 9, 2.38, NULL, NULL, NULL, NULL, NULL, 'muy bueno / oso ona', 686),
(5247, '2021-01-21', '12:00', NULL, 2, 7, NULL, 10, 2.46, NULL, NULL, NULL, NULL, NULL, 'muy bueno / oso ona', 686),
(5248, '2021-01-21', '11:00', NULL, 2, 6, NULL, 8, 2.67, NULL, NULL, NULL, NULL, NULL, 'muy bueno / oso ona', 686),
(5249, '2021-01-21', '10:00', NULL, 2, 6, NULL, 9, 2.92, NULL, NULL, NULL, NULL, NULL, 'muy bueno / oso ona', 686),
(5250, '2021-01-21', '09:00', NULL, 2, 8, NULL, 12, 3.25, NULL, NULL, NULL, NULL, NULL, 'muy bueno / oso ona', 686),
(5251, '2021-01-21', '08:00', NULL, 2, 13, NULL, 16, 3.63, NULL, NULL, NULL, NULL, NULL, 'muy bueno / oso ona', 686),
(5252, '2021-01-21', '07:00', NULL, 2, 8, NULL, 11, 4.04, NULL, NULL, NULL, NULL, NULL, 'muy bueno / oso ona', 686),
(5253, '2021-01-21', '06:00', NULL, 2, 5, NULL, 9, 4.5, NULL, NULL, NULL, NULL, NULL, 'muy bueno / oso ona', 686),
(5254, '2021-01-21', '05:00', NULL, 2, 5, NULL, 8, 4.92, NULL, NULL, NULL, NULL, NULL, 'muy bueno / oso ona', 686),
(5255, '2021-01-21', '04:00', NULL, 2, 3, NULL, 6, 5.33, NULL, NULL, NULL, NULL, NULL, 'muy bueno / oso ona', 686),
(5256, '2021-01-21', '03:00', NULL, 2, 3, NULL, 6, 5.58, NULL, NULL, NULL, NULL, NULL, 'muy bueno / oso ona', 686),
(5257, '2021-01-21', '02:00', NULL, 2, 3, NULL, 6, 5.71, NULL, NULL, NULL, NULL, NULL, 'muy bueno / oso ona', 686),
(5258, '2021-01-21', '01:00', NULL, 2, 3, NULL, 6, 5.92, NULL, NULL, NULL, NULL, NULL, 'muy bueno / oso ona', 686),
(5259, '2021-01-20', NULL, NULL, 1, NULL, NULL, 9, NULL, NULL, NULL, NULL, NULL, NULL, NULL, 688),
(5260, '2021-01-21', '19:00', NULL, 2, 12, NULL, 14, 2.33, NULL, 1.46, NULL, 2, NULL, 'muy bueno / oso ona', 689),
(5261, '2021-01-21', '18:00', NULL, 3, 16, NULL, 20, 2.25, NULL, 1.46, NULL, 2, NULL, 'muy bueno / oso ona', 689),
(5262, '2021-01-21', '17:00', NULL, 2, 10, NULL, 12, 2.33, NULL, 1.46, NULL, 2, NULL, 'muy bueno / oso ona', 689),
(5263, '2021-01-21', '16:00', NULL, 3, 8, NULL, 13, 2.38, NULL, 1.5, NULL, 4, NULL, 'muy bueno / oso ona', 689),
(5264, '2021-01-21', '15:00', NULL, 1, 6, NULL, 8, 2.46, NULL, 1.5, NULL, 2, NULL, 'muy bueno / oso ona', 689),
(5265, '2021-01-21', '14:00', NULL, 1, 8, NULL, 10, 2.5, NULL, 1.46, NULL, 2, NULL, 'muy bueno / oso ona', 689),
(5266, '2021-01-21', '13:00', NULL, 1, 12, NULL, 14, 2.52, NULL, 1.43, NULL, 3, NULL, 'muy bueno / oso ona', 689),
(5267, '2021-01-21', '12:00', NULL, 1, 6, NULL, 8, 2.57, NULL, 1.57, NULL, 2, NULL, 'muy bueno / oso ona', 689),
(5268, '2021-01-21', '11:00', NULL, 1, 5, NULL, 7, 2.78, NULL, 1.78, NULL, 2, NULL, 'muy bueno / oso ona', 689),
(5269, '2021-01-21', '10:00', NULL, 1, 5, NULL, 7, 3.17, NULL, 2, NULL, 2, NULL, 'muy bueno / oso ona', 689),
(5270, '2021-01-21', '09:00', NULL, 2, 12, NULL, 14, 3.57, NULL, 2.3, NULL, 2, NULL, 'muy bueno / oso ona', 689),
(5271, '2021-01-21', '08:00', NULL, 5, 13, NULL, 21, 3.78, NULL, 2.61, NULL, 2, NULL, 'muy bueno / oso ona', 689),
(5272, '2021-01-21', '07:00', NULL, 3, 8, NULL, 12, 4.26, NULL, 2.91, NULL, 2, NULL, 'muy bueno / oso ona', 689),
(5273, '2021-01-21', '06:00', NULL, 0, 5, NULL, 5, 4.57, NULL, 3.17, NULL, 2, NULL, 'muy bueno / oso ona', 689),
(5274, '2021-01-21', '05:00', NULL, 0, 4, NULL, 4, 4.74, NULL, 3.39, NULL, 2, NULL, 'muy bueno / oso ona', 689),
(5275, '2021-01-21', '04:00', NULL, 0, 2, NULL, 2, 5, NULL, 3.57, NULL, 2, NULL, 'muy bueno / oso ona', 689),
(5276, '2021-01-21', '03:00', NULL, 0, 2, NULL, 2, 5.39, NULL, 3.78, NULL, 2, NULL, 'muy bueno / oso ona', 689),
(5277, '2021-01-21', '02:00', NULL, 0, 2, NULL, 2, 5.78, NULL, 4.17, NULL, 2, NULL, 'muy bueno / oso ona', 689),
(5278, '2021-01-21', '01:00', NULL, 0, 4, NULL, 4, 6.26, NULL, 4.61, NULL, 2, NULL, 'muy bueno / oso ona', 689),
(5279, '2021-01-20', NULL, 0.34, 3, NULL, NULL, 23, NULL, NULL, NULL, NULL, NULL, NULL, NULL, 691),
(5280, '2021-01-21', '19:00', 0.46, 8, 31, NULL, 43, 5, NULL, NULL, NULL, 2, NULL, 'muy bueno / oso ona', 692),
(5281, '2021-01-21', '18:00', 0.44, 9, 31, NULL, 46, 5.08, NULL, NULL, NULL, 2, NULL, 'muy bueno / oso ona', 692),
(5282, '2021-01-21', '17:00', 0.43, 8, 29, NULL, 42, 5.08, NULL, NULL, NULL, 2, NULL, 'muy bueno / oso ona', 692),
(5283, '2021-01-21', '16:00', 0.41, 7, 25, NULL, 36, 5.17, NULL, NULL, NULL, 2, NULL, 'muy bueno / oso ona', 692),
(5284, '2021-01-21', '15:00', 0.41, 7, 25, NULL, 36, 5.13, NULL, NULL, NULL, 2, NULL, 'muy bueno / oso ona', 692),
(5285, '2021-01-21', '14:00', 0.43, 10, 30, NULL, 46, 5.21, NULL, NULL, NULL, 2, NULL, 'muy bueno / oso ona', 692),
(5286, '2021-01-21', '13:00', 0.42, 10, 29, NULL, 45, 5.29, NULL, NULL, NULL, 2, NULL, 'muy bueno / oso ona', 692),
(5287, '2021-01-21', '12:00', 0.42, 8, 25, NULL, 38, 5.38, NULL, NULL, NULL, 2, NULL, 'muy bueno / oso ona', 692),
(5288, '2021-01-21', '11:00', 0.4, 10, 25, NULL, 40, 5.42, NULL, NULL, NULL, 2, NULL, 'muy bueno / oso ona', 692),
(5289, '2021-01-21', '10:00', 0.41, 16, 35, NULL, 59, 5.5, NULL, NULL, NULL, 2, NULL, 'muy bueno / oso ona', 692),
(5290, '2021-01-21', '09:00', 0.43, 17, 41, NULL, 66, 5.67, NULL, NULL, NULL, 2, NULL, 'bueno / ona', 692),
(5291, '2021-01-21', '08:00', 0.44, 19, 46, NULL, 75, 5.79, NULL, NULL, NULL, 2, NULL, 'bueno / ona', 692),
(5292, '2021-01-21', '07:00', 0.41, 14, 38, NULL, 59, 6.17, NULL, NULL, NULL, 2, NULL, 'muy bueno / oso ona', 692),
(5293, '2021-01-21', '06:00', 0.35, 4, 18, NULL, 24, 6.29, NULL, NULL, NULL, 2, NULL, 'muy bueno / oso ona', 692),
(5294, '2021-01-21', '05:00', 0.34, 1, 12, NULL, 14, 6.42, NULL, NULL, NULL, 2, NULL, 'muy bueno / oso ona', 692),
(5295, '2021-01-21', '04:00', 0.32, 1, 9, NULL, 10, 6.54, NULL, NULL, NULL, 2, NULL, 'muy bueno / oso ona', 692),
(5296, '2021-01-21', '03:00', 0.32, 1, 9, NULL, 11, 6.71, NULL, NULL, NULL, 2, NULL, 'muy bueno / oso ona', 692),
(5297, '2021-01-21', '02:00', 0.33, 1, 10, NULL, 12, 6.88, NULL, NULL, NULL, 2, NULL, 'muy bueno / oso ona', 692),
(5298, '2021-01-21', '01:00', 0.33, 1, 10, NULL, 12, 7, NULL, NULL, NULL, 2, NULL, 'muy bueno / oso ona', 692),
(5299, '2021-01-20', NULL, NULL, 0, NULL, NULL, 8, NULL, NULL, NULL, NULL, NULL, NULL, NULL, 694),
(5300, '2021-01-21', '19:00', NULL, 1, 5, NULL, 6, 9.5, NULL, NULL, NULL, NULL, NULL, 'muy bueno / oso ona', 695),
(5301, '2021-01-21', '18:00', NULL, 1, 5, NULL, 6, 9.63, NULL, NULL, NULL, NULL, NULL, 'muy bueno / oso ona', 695),
(5302, '2021-01-21', '17:00', NULL, 1, 11, NULL, 13, 9.83, NULL, NULL, NULL, NULL, NULL, 'muy bueno / oso ona', 695),
(5303, '2021-01-21', '16:00', NULL, 1, 10, NULL, 12, 9.79, NULL, NULL, NULL, NULL, NULL, 'muy bueno / oso ona', 695),
(5304, '2021-01-21', '15:00', NULL, 1, 9, NULL, 11, 9.71, NULL, NULL, NULL, NULL, NULL, 'muy bueno / oso ona', 695),
(5305, '2021-01-21', '14:00', NULL, 2, 16, NULL, 19, 9.67, NULL, NULL, NULL, NULL, NULL, 'muy bueno / oso ona', 695),
(5306, '2021-01-21', '13:00', NULL, 3, 18, NULL, 22, 9.38, NULL, NULL, NULL, NULL, NULL, 'muy bueno / oso ona', 695),
(5307, '2021-01-21', '12:00', NULL, 5, 21, NULL, 29, 9, NULL, NULL, NULL, NULL, NULL, 'muy bueno / oso ona', 695),
(5308, '2021-01-21', '11:00', NULL, 3, 14, NULL, 19, 8.75, NULL, NULL, NULL, NULL, NULL, 'muy bueno / oso ona', 695),
(5309, '2021-01-21', '10:00', NULL, 4, 14, NULL, 20, 8.63, NULL, NULL, NULL, NULL, NULL, 'muy bueno / oso ona', 695),
(5310, '2021-01-21', '09:00', NULL, 1, 8, NULL, 10, 8.46, NULL, NULL, NULL, NULL, NULL, 'muy bueno / oso ona', 695),
(5311, '2021-01-21', '08:00', NULL, 1, 8, NULL, 10, 8.5, NULL, NULL, NULL, NULL, NULL, 'muy bueno / oso ona', 695),
(5312, '2021-01-21', '07:00', NULL, 1, 7, NULL, 9, 8.54, NULL, NULL, NULL, NULL, NULL, 'muy bueno / oso ona', 695),
(5313, '2021-01-21', '06:00', NULL, 1, 7, NULL, 9, 8.63, NULL, NULL, NULL, NULL, NULL, 'muy bueno / oso ona', 695),
(5314, '2021-01-21', '05:00', NULL, 1, 6, NULL, 8, 8.63, NULL, NULL, NULL, NULL, NULL, 'muy bueno / oso ona', 695),
(5315, '2021-01-21', '04:00', NULL, 1, 5, NULL, 7, 8.63, NULL, NULL, NULL, NULL, NULL, 'muy bueno / oso ona', 695),
(5316, '2021-01-21', '03:00', NULL, 1, 7, NULL, 8, 8.5, NULL, NULL, NULL, NULL, NULL, 'muy bueno / oso ona', 695),
(5317, '2021-01-21', '02:00', NULL, 1, 7, NULL, 8, 8.63, NULL, NULL, NULL, NULL, NULL, 'muy bueno / oso ona', 695),
(5318, '2021-01-21', '01:00', NULL, 1, 8, NULL, 9, 8.83, NULL, NULL, NULL, NULL, NULL, 'muy bueno / oso ona', 695),
(5319, '2021-01-20', NULL, 0.16, 4, NULL, NULL, 16, NULL, NULL, NULL, NULL, NULL, NULL, NULL, 697),
(5320, '2021-01-21', '19:00', 0.15, 3, 7, NULL, 10, 2.29, NULL, 1.29, NULL, 3, NULL, 'muy bueno / oso ona', 698),
(5321, '2021-01-21', '18:00', 0.15, 2, 12, NULL, 15, 2.33, NULL, 1.38, NULL, 3, NULL, 'muy bueno / oso ona', 698),
(5322, '2021-01-21', '17:00', 0.15, 4, 11, NULL, 16, 2.42, NULL, 1.17, NULL, 3, NULL, 'muy bueno / oso ona', 698),
(5323, '2021-01-21', '16:00', 0.14, 3, 8, NULL, 12, 2.33, NULL, 1.08, NULL, 3, NULL, 'muy bueno / oso ona', 698),
(5324, '2021-01-21', '15:00', 0.14, 4, 6, NULL, 11, 2.38, NULL, 1.25, NULL, 3, NULL, 'muy bueno / oso ona', 698),
(5325, '2021-01-21', '14:00', 0.13, 3, 6, NULL, 10, 2.5, NULL, 1.17, NULL, 3, NULL, 'muy bueno / oso ona', 698),
(5326, '2021-01-21', '13:00', 0.13, 3, 5, NULL, 9, 2.63, NULL, 1.21, NULL, 3, NULL, 'muy bueno / oso ona', 698),
(5327, '2021-01-21', '12:00', 0.13, 3, 7, NULL, 11, 2.63, NULL, 1.25, NULL, 3, NULL, 'muy bueno / oso ona', 698),
(5328, '2021-01-21', '11:00', 0.13, 2, 8, NULL, 11, 2.58, NULL, 1.46, NULL, 3, NULL, 'muy bueno / oso ona', 698),
(5329, '2021-01-21', '10:00', 0.13, 4, 8, NULL, 13, 2.83, NULL, 1.54, NULL, 3, NULL, 'muy bueno / oso ona', 698),
(5330, '2021-01-21', '09:00', 0.14, 5, 13, NULL, 20, 3.25, NULL, 1.67, NULL, 4, NULL, 'muy bueno / oso ona', 698),
(5331, '2021-01-21', '08:00', 0.15, 4, 17, NULL, 23, 3.71, NULL, 2, NULL, 4, NULL, 'muy bueno / oso ona', 698),
(5332, '2021-01-21', '07:00', 0.15, 4, 11, NULL, 17, 4, NULL, 2.29, NULL, 4, NULL, 'muy bueno / oso ona', 698),
(5333, '2021-01-21', '06:00', 0.13, 3, 9, NULL, 13, 4.25, NULL, 2.5, NULL, 3, NULL, 'muy bueno / oso ona', 698),
(5334, '2021-01-21', '05:00', 0.13, 3, 4, NULL, 8, 4.79, NULL, 2.88, NULL, 3, NULL, 'muy bueno / oso ona', 698),
(5335, '2021-01-21', '04:00', 0.13, 2, 2, NULL, 5, 5.17, NULL, 3.33, NULL, 3, NULL, 'muy bueno / oso ona', 698),
(5336, '2021-01-21', '03:00', 0.15, 2, 1, NULL, 4, 5.54, NULL, 3.75, NULL, 3, NULL, 'muy bueno / oso ona', 698),
(5337, '2021-01-21', '02:00', 0.16, 2, 2, NULL, 5, 6, NULL, 3.96, NULL, 3, NULL, 'muy bueno / oso ona', 698),
(5338, '2021-01-21', '01:00', 0.16, 2, 3, NULL, 6, 6.29, NULL, 4.04, NULL, 3, NULL, 'muy bueno / oso ona', 698),
(5339, '2021-01-20', NULL, NULL, 1, NULL, NULL, 14, NULL, NULL, NULL, NULL, NULL, NULL, NULL, 700),
(5340, '2021-01-21', '19:00', NULL, 1, 9, NULL, 10, 2.29, NULL, 2.04, NULL, 2, NULL, 'muy bueno / oso ona', 701),
(5341, '2021-01-21', '18:00', NULL, 1, 9, NULL, 11, 2.29, NULL, 2.21, NULL, 2, NULL, 'muy bueno / oso ona', 701),
(5342, '2021-01-21', '17:00', NULL, 1, 9, NULL, 11, 2.33, NULL, 2.33, NULL, 2, NULL, 'muy bueno / oso ona', 701),
(5343, '2021-01-21', '16:00', NULL, 1, 8, NULL, 10, 2.29, NULL, 2.38, NULL, 2, NULL, 'muy bueno / oso ona', 701),
(5344, '2021-01-21', '15:00', NULL, 1, 9, NULL, 11, 2.29, NULL, 2.04, NULL, 2, NULL, 'muy bueno / oso ona', 701),
(5345, '2021-01-21', '14:00', NULL, 1, 8, NULL, 10, 2.33, NULL, 1.63, NULL, 2, NULL, 'muy bueno / oso ona', 701),
(5346, '2021-01-21', '13:00', NULL, 1, 8, NULL, 10, 2.38, NULL, 1.63, NULL, 2, NULL, 'muy bueno / oso ona', 701),
(5347, '2021-01-21', '12:00', NULL, 0, 8, NULL, 9, 2.46, NULL, 1.67, NULL, 2, NULL, 'muy bueno / oso ona', 701),
(5348, '2021-01-21', '11:00', NULL, 0, 8, NULL, 9, 2.79, NULL, 1.92, NULL, 2, NULL, 'muy bueno / oso ona', 701),
(5349, '2021-01-21', '10:00', NULL, 1, 9, NULL, 11, 3.04, NULL, 2.04, NULL, 2, NULL, 'muy bueno / oso ona', 701),
(5350, '2021-01-21', '09:00', NULL, 1, 9, NULL, 11, 3.25, NULL, 2.29, NULL, 2, NULL, 'muy bueno / oso ona', 701),
(5351, '2021-01-21', '08:00', NULL, 1, 14, NULL, 16, 3.5, NULL, 2.54, NULL, 2, NULL, 'muy bueno / oso ona', 701),
(5352, '2021-01-21', '07:00', NULL, 1, 9, NULL, 10, 3.83, NULL, 2.83, NULL, 3, NULL, 'muy bueno / oso ona', 701),
(5353, '2021-01-21', '06:00', NULL, 1, 9, NULL, 10, 4.29, NULL, 3.13, NULL, 2, NULL, 'muy bueno / oso ona', 701),
(5354, '2021-01-21', '05:00', NULL, 0, 8, NULL, 8, 4.5, NULL, 3.42, NULL, 3, NULL, 'muy bueno / oso ona', 701),
(5355, '2021-01-21', '04:00', NULL, 0, 6, NULL, 6, 4.83, NULL, 3.96, NULL, 2, NULL, 'muy bueno / oso ona', 701),
(5356, '2021-01-21', '03:00', NULL, 0, 6, NULL, 6, 5.17, NULL, 4.46, NULL, 2, NULL, 'muy bueno / oso ona', 701),
(5357, '2021-01-21', '02:00', NULL, 0, 7, NULL, 7, 5.38, NULL, 4.96, NULL, 2, NULL, 'muy bueno / oso ona', 701),
(5358, '2021-01-21', '01:00', NULL, 0, 6, NULL, 6, 5.71, NULL, 5.17, NULL, 2, NULL, 'muy bueno / oso ona', 701),
(5359, '2021-01-21', '19:00', NULL, NULL, NULL, NULL, NULL, NULL, NULL, NULL, NULL, NULL, NULL, 'muy bueno / oso ona', 704),
(5360, '2021-01-21', '18:00', NULL, NULL, NULL, NULL, NULL, NULL, NULL, NULL, NULL, NULL, NULL, 'muy bueno / oso ona', 704),
(5361, '2021-01-21', '17:00', NULL, NULL, NULL, NULL, NULL, NULL, NULL, NULL, NULL, NULL, NULL, 'muy bueno / oso ona', 704),
(5362, '2021-01-21', '16:00', NULL, NULL, NULL, NULL, NULL, NULL, NULL, NULL, NULL, NULL, NULL, 'muy bueno / oso ona', 704),
(5363, '2021-01-21', '15:00', NULL, NULL, NULL, NULL, NULL, NULL, NULL, NULL, NULL, NULL, NULL, 'muy bueno / oso ona', 704),
(5364, '2021-01-21', '14:00', NULL, NULL, NULL, NULL, NULL, NULL, NULL, NULL, NULL, NULL, NULL, 'muy bueno / oso ona', 704),
(5365, '2021-01-21', '13:00', NULL, NULL, NULL, NULL, NULL, NULL, NULL, NULL, NULL, NULL, NULL, 'muy bueno / oso ona', 704),
(5366, '2021-01-21', '12:00', NULL, NULL, NULL, NULL, NULL, NULL, NULL, NULL, NULL, NULL, NULL, 'muy bueno / oso ona', 704),
(5367, '2021-01-21', '11:00', NULL, NULL, NULL, NULL, NULL, NULL, NULL, NULL, NULL, NULL, NULL, 'muy bueno / oso ona', 704),
(5368, '2021-01-21', '10:00', NULL, NULL, NULL, NULL, NULL, NULL, NULL, NULL, NULL, NULL, NULL, 'muy bueno / oso ona', 704),
(5369, '2021-01-21', '09:00', NULL, NULL, NULL, NULL, NULL, NULL, NULL, NULL, NULL, NULL, NULL, 'muy bueno / oso ona', 704),
(5370, '2021-01-21', '08:00', NULL, NULL, NULL, NULL, NULL, NULL, NULL, NULL, NULL, NULL, NULL, 'muy bueno / oso ona', 704),
(5371, '2021-01-21', '07:00', NULL, NULL, NULL, NULL, NULL, NULL, NULL, NULL, NULL, NULL, NULL, 'muy bueno / oso ona', 704),
(5372, '2021-01-21', '06:00', NULL, NULL, NULL, NULL, NULL, NULL, NULL, NULL, NULL, NULL, NULL, 'muy bueno / oso ona', 704),
(5373, '2021-01-21', '05:00', NULL, NULL, NULL, NULL, NULL, NULL, NULL, NULL, NULL, NULL, NULL, 'muy bueno / oso ona', 704),
(5374, '2021-01-21', '04:00', NULL, NULL, NULL, NULL, NULL, NULL, NULL, NULL, NULL, NULL, NULL, 'muy bueno / oso ona', 704),
(5375, '2021-01-21', '03:00', NULL, NULL, NULL, NULL, NULL, NULL, NULL, NULL, NULL, NULL, NULL, 'muy bueno / oso ona', 704),
(5376, '2021-01-21', '02:00', NULL, NULL, NULL, NULL, NULL, NULL, NULL, NULL, NULL, NULL, NULL, 'sin datos / daturik gabe', 704),
(5377, '2021-01-21', '01:00', NULL, NULL, NULL, NULL, NULL, NULL, NULL, NULL, NULL, NULL, NULL, 'muy bueno / oso ona', 704),
(5378, '2021-01-20', NULL, NULL, 1, NULL, NULL, 10, NULL, NULL, NULL, NULL, NULL, NULL, NULL, 706),
(5379, '2021-01-21', '19:00', NULL, 3, 15, NULL, 19, 3.71, NULL, NULL, NULL, 1, NULL, 'muy bueno / oso ona', 707),
(5380, '2021-01-21', '18:00', NULL, 5, 18, NULL, 27, 3.71, NULL, NULL, NULL, 1, NULL, 'muy bueno / oso ona', 707),
(5381, '2021-01-21', '17:00', NULL, 4, 16, NULL, 22, 3.71, NULL, NULL, NULL, 1, NULL, 'muy bueno / oso ona', 707),
(5382, '2021-01-21', '16:00', NULL, 4, 12, NULL, 19, 3.83, NULL, NULL, NULL, 1, NULL, 'muy bueno / oso ona', 707),
(5383, '2021-01-21', '15:00', NULL, 4, 11, NULL, 17, 3.92, NULL, NULL, NULL, 1, NULL, 'muy bueno / oso ona', 707),
(5384, '2021-01-21', '14:00', NULL, 4, 13, NULL, 19, 4.04, NULL, NULL, NULL, 1, NULL, 'muy bueno / oso ona', 707),
(5385, '2021-01-21', '13:00', NULL, 4, 13, NULL, 19, 4.25, NULL, NULL, NULL, 1, NULL, 'muy bueno / oso ona', 707),
(5386, '2021-01-21', '12:00', NULL, 5, 9, NULL, 16, 4.5, NULL, NULL, NULL, 1, NULL, 'muy bueno / oso ona', 707),
(5387, '2021-01-21', '11:00', NULL, 5, 9, NULL, 16, 4.71, NULL, NULL, NULL, 1, NULL, 'muy bueno / oso ona', 707),
(5388, '2021-01-21', '10:00', NULL, 2, 14, NULL, 17, 4.88, NULL, NULL, NULL, 2, NULL, 'muy bueno / oso ona', 707),
(5389, '2021-01-21', '09:00', NULL, 1, 20, NULL, 21, 5.04, NULL, NULL, NULL, 2, NULL, 'muy bueno / oso ona', 707),
(5390, '2021-01-21', '08:00', NULL, 1, 32, NULL, 34, 5.29, NULL, NULL, NULL, 1, NULL, 'muy bueno / oso ona', 707),
(5391, '2021-01-21', '07:00', NULL, 1, 21, NULL, 22, 5.54, NULL, NULL, NULL, 1, NULL, 'muy bueno / oso ona', 707),
(5392, '2021-01-21', '06:00', NULL, 3, 17, NULL, 21, 5.88, NULL, NULL, NULL, 1, NULL, 'muy bueno / oso ona', 707),
(5393, '2021-01-21', '05:00', NULL, 0, 5, NULL, 6, 6.08, NULL, NULL, NULL, 2, NULL, 'muy bueno / oso ona', 707),
(5394, '2021-01-21', '04:00', NULL, 0, 0, NULL, 0, 6.25, NULL, NULL, NULL, 1, NULL, 'muy bueno / oso ona', 707),
(5395, '2021-01-21', '03:00', NULL, 0, 3, NULL, 3, 6.38, NULL, NULL, NULL, 1, NULL, 'muy bueno / oso ona', 707),
(5396, '2021-01-21', '02:00', NULL, 0, 6, NULL, 7, 6.46, NULL, NULL, NULL, 1, NULL, 'muy bueno / oso ona', 707),
(5397, '2021-01-21', '01:00', NULL, 1, 5, NULL, 6, 6.54, NULL, NULL, NULL, 1, NULL, 'muy bueno / oso ona', 707),
(5398, '2021-01-21', '19:00', NULL, NULL, NULL, NULL, NULL, NULL, NULL, NULL, NULL, NULL, NULL, 'muy bueno / oso ona', 710),
(5399, '2021-01-21', '18:00', NULL, NULL, NULL, NULL, NULL, NULL, NULL, NULL, NULL, NULL, NULL, 'muy bueno / oso ona', 710),
(5400, '2021-01-21', '17:00', NULL, NULL, NULL, NULL, NULL, NULL, NULL, NULL, NULL, NULL, NULL, 'muy bueno / oso ona', 710),
(5401, '2021-01-21', '16:00', NULL, NULL, NULL, NULL, NULL, NULL, NULL, NULL, NULL, NULL, NULL, 'muy bueno / oso ona', 710),
(5402, '2021-01-21', '15:00', NULL, NULL, NULL, NULL, NULL, NULL, NULL, NULL, NULL, NULL, NULL, 'muy bueno / oso ona', 710),
(5403, '2021-01-21', '14:00', NULL, NULL, NULL, NULL, NULL, NULL, NULL, NULL, NULL, NULL, NULL, 'muy bueno / oso ona', 710),
(5404, '2021-01-21', '13:00', NULL, NULL, NULL, NULL, NULL, NULL, NULL, NULL, NULL, NULL, NULL, 'muy bueno / oso ona', 710),
(5405, '2021-01-21', '12:00', NULL, NULL, NULL, NULL, NULL, NULL, NULL, NULL, NULL, NULL, NULL, 'muy bueno / oso ona', 710),
(5406, '2021-01-21', '11:00', NULL, NULL, NULL, NULL, NULL, NULL, NULL, NULL, NULL, NULL, NULL, 'muy bueno / oso ona', 710),
(5407, '2021-01-21', '10:00', NULL, NULL, NULL, NULL, NULL, NULL, NULL, NULL, NULL, NULL, NULL, 'muy bueno / oso ona', 710),
(5408, '2021-01-21', '09:00', NULL, NULL, NULL, NULL, NULL, NULL, NULL, NULL, NULL, NULL, NULL, 'muy bueno / oso ona', 710),
(5409, '2021-01-21', '08:00', NULL, NULL, NULL, NULL, NULL, NULL, NULL, NULL, NULL, NULL, NULL, 'muy bueno / oso ona', 710),
(5410, '2021-01-21', '07:00', NULL, NULL, NULL, NULL, NULL, NULL, NULL, NULL, NULL, NULL, NULL, 'muy bueno / oso ona', 710),
(5411, '2021-01-21', '06:00', NULL, NULL, NULL, NULL, NULL, NULL, NULL, NULL, NULL, NULL, NULL, 'muy bueno / oso ona', 710),
(5412, '2021-01-21', '05:00', NULL, NULL, NULL, NULL, NULL, NULL, NULL, NULL, NULL, NULL, NULL, 'muy bueno / oso ona', 710),
(5413, '2021-01-21', '04:00', NULL, NULL, NULL, NULL, NULL, NULL, NULL, NULL, NULL, NULL, NULL, 'sin datos / daturik gabe', 710),
(5414, '2021-01-21', '03:00', NULL, NULL, NULL, NULL, NULL, NULL, NULL, NULL, NULL, NULL, NULL, 'muy bueno / oso ona', 710),
(5415, '2021-01-21', '02:00', NULL, NULL, NULL, NULL, NULL, NULL, NULL, NULL, NULL, NULL, NULL, 'muy bueno / oso ona', 710),
(5416, '2021-01-21', '01:00', NULL, NULL, NULL, NULL, NULL, NULL, NULL, NULL, NULL, NULL, NULL, 'muy bueno / oso ona', 710),
(5417, '2021-01-20', NULL, NULL, 3, NULL, NULL, 10, NULL, NULL, NULL, NULL, NULL, NULL, NULL, 712),
(5418, '2021-01-21', '19:00', NULL, 3, 6, NULL, 10, NULL, NULL, NULL, NULL, NULL, NULL, 'muy bueno / oso ona', 713),
(5419, '2021-01-21', '18:00', NULL, 4, 6, NULL, 12, NULL, NULL, NULL, NULL, NULL, NULL, 'muy bueno / oso ona', 713),
(5420, '2021-01-21', '17:00', NULL, 3, 5, NULL, 10, NULL, NULL, NULL, NULL, NULL, NULL, 'muy bueno / oso ona', 713),
(5421, '2021-01-21', '16:00', NULL, 4, 5, NULL, 10, NULL, NULL, NULL, NULL, NULL, NULL, 'muy bueno / oso ona', 713),
(5422, '2021-01-21', '15:00', NULL, 4, 5, NULL, 11, NULL, NULL, NULL, NULL, NULL, NULL, 'muy bueno / oso ona', 713),
(5423, '2021-01-21', '14:00', NULL, 4, 6, NULL, 11, NULL, NULL, NULL, NULL, NULL, NULL, 'muy bueno / oso ona', 713),
(5424, '2021-01-21', '13:00', NULL, 3, 5, NULL, 10, NULL, NULL, NULL, NULL, NULL, NULL, 'muy bueno / oso ona', 713),
(5425, '2021-01-21', '12:00', NULL, 3, 5, NULL, 10, NULL, NULL, NULL, NULL, NULL, NULL, 'muy bueno / oso ona', 713),
(5426, '2021-01-21', '11:00', NULL, 3, 4, NULL, 9, NULL, NULL, NULL, NULL, NULL, NULL, 'muy bueno / oso ona', 713),
(5427, '2021-01-21', '10:00', NULL, 3, 6, NULL, 11, NULL, NULL, NULL, NULL, NULL, NULL, 'muy bueno / oso ona', 713),
(5428, '2021-01-21', '09:00', NULL, 4, 7, NULL, 14, NULL, NULL, NULL, NULL, NULL, NULL, 'muy bueno / oso ona', 713),
(5429, '2021-01-21', '08:00', NULL, 5, 13, NULL, 20, NULL, NULL, NULL, NULL, NULL, NULL, 'muy bueno / oso ona', 713),
(5430, '2021-01-21', '07:00', NULL, 3, 11, NULL, 16, NULL, NULL, NULL, NULL, NULL, NULL, 'muy bueno / oso ona', 713),
(5431, '2021-01-21', '06:00', NULL, 3, 7, NULL, 12, NULL, NULL, NULL, NULL, NULL, NULL, 'muy bueno / oso ona', 713),
(5432, '2021-01-21', '05:00', NULL, 3, 5, NULL, 10, NULL, NULL, NULL, NULL, NULL, NULL, 'muy bueno / oso ona', 713),
(5433, '2021-01-21', '04:00', NULL, 3, 4, NULL, 9, NULL, NULL, NULL, NULL, NULL, NULL, 'muy bueno / oso ona', 713),
(5434, '2021-01-21', '03:00', NULL, 3, 5, NULL, 10, NULL, NULL, NULL, NULL, NULL, NULL, 'muy bueno / oso ona', 713),
(5435, '2021-01-21', '02:00', NULL, 3, 4, NULL, 9, NULL, NULL, NULL, NULL, NULL, NULL, 'muy bueno / oso ona', 713),
(5436, '2021-01-21', '01:00', NULL, 3, 5, NULL, 9, NULL, NULL, NULL, NULL, NULL, NULL, 'muy bueno / oso ona', 713),
(5437, '2021-01-20', NULL, NULL, 1, NULL, NULL, 8, NULL, NULL, NULL, NULL, NULL, NULL, NULL, 715),
(5438, '2021-01-21', '19:00', NULL, 1, 8, NULL, 9, 4.08, NULL, 2.17, NULL, 1, NULL, 'muy bueno / oso ona', 716),
(5439, '2021-01-21', '18:00', NULL, 2, 9, NULL, 12, 4.13, NULL, 2.17, NULL, 1, NULL, 'muy bueno / oso ona', 716),
(5440, '2021-01-21', '17:00', NULL, 2, 8, NULL, 10, 4.17, NULL, 2.25, NULL, 1, NULL, 'muy bueno / oso ona', 716),
(5441, '2021-01-21', '16:00', NULL, 1, 6, NULL, 9, 4.29, NULL, 2.42, NULL, 1, NULL, 'muy bueno / oso ona', 716),
(5442, '2021-01-21', '15:00', NULL, 2, 10, NULL, 11, 4.42, NULL, 2.58, NULL, 2, NULL, 'muy bueno / oso ona', 716),
(5443, '2021-01-21', '14:00', NULL, 2, 10, NULL, 11, 4.63, NULL, 2.79, NULL, 2, NULL, 'muy bueno / oso ona', 716),
(5444, '2021-01-21', '13:00', NULL, 1, 8, NULL, 10, 4.75, NULL, 3, NULL, 2, NULL, 'muy bueno / oso ona', 716),
(5445, '2021-01-21', '12:00', NULL, 2, 9, NULL, 11, 4.88, NULL, 3.21, NULL, 2, NULL, 'muy bueno / oso ona', 716),
(5446, '2021-01-21', '11:00', NULL, 2, 9, NULL, 10, 4.96, NULL, 3.5, NULL, 2, NULL, 'muy bueno / oso ona', 716),
(5447, '2021-01-21', '10:00', NULL, 2, 8, NULL, 11, 5.17, NULL, 3.79, NULL, 1, NULL, 'muy bueno / oso ona', 716),
(5448, '2021-01-21', '09:00', NULL, 2, 13, NULL, 16, 5.46, NULL, 4.17, NULL, 1, NULL, 'muy bueno / oso ona', 716),
(5449, '2021-01-21', '08:00', NULL, 2, 19, NULL, 24, 5.71, NULL, 4.54, NULL, 1, NULL, 'muy bueno / oso ona', 716),
(5450, '2021-01-21', '07:00', NULL, 2, 24, NULL, 29, 5.92, NULL, 4.83, NULL, 2, NULL, 'muy bueno / oso ona', 716),
(5451, '2021-01-21', '06:00', NULL, 1, 13, NULL, 15, 6.04, NULL, 4.92, NULL, 1, NULL, 'muy bueno / oso ona', 716),
(5452, '2021-01-21', '05:00', NULL, 1, 8, NULL, 9, 6.13, NULL, 5.04, NULL, 2, NULL, 'muy bueno / oso ona', 716),
(5453, '2021-01-21', '04:00', NULL, 1, 4, NULL, 5, 6.21, NULL, 5.08, NULL, 2, NULL, 'muy bueno / oso ona', 716),
(5454, '2021-01-21', '03:00', NULL, 1, 4, NULL, 4, 6.29, NULL, 5.13, NULL, 3, NULL, 'muy bueno / oso ona', 716),
(5455, '2021-01-21', '02:00', NULL, 1, 4, NULL, 4, 6.38, NULL, 5.21, NULL, 2, NULL, 'muy bueno / oso ona', 716),
(5456, '2021-01-21', '01:00', NULL, 1, 3, NULL, 4, 6.42, NULL, 5.33, NULL, 3, NULL, 'muy bueno / oso ona', 716),
(5457, '2021-01-21', '19:00', NULL, NULL, NULL, NULL, NULL, 7.25, NULL, NULL, NULL, NULL, NULL, 'muy bueno / oso ona', 719),
(5458, '2021-01-21', '18:00', NULL, NULL, NULL, NULL, NULL, 7.25, NULL, NULL, NULL, NULL, NULL, 'muy bueno / oso ona', 719),
(5459, '2021-01-21', '17:00', NULL, NULL, NULL, NULL, NULL, 7.42, NULL, NULL, NULL, NULL, NULL, 'muy bueno / oso ona', 719),
(5460, '2021-01-21', '16:00', NULL, NULL, NULL, NULL, NULL, 7.33, NULL, NULL, NULL, NULL, NULL, 'muy bueno / oso ona', 719),
(5461, '2021-01-21', '15:00', NULL, NULL, NULL, NULL, NULL, 7.21, NULL, NULL, NULL, NULL, NULL, 'muy bueno / oso ona', 719),
(5462, '2021-01-21', '14:00', NULL, NULL, NULL, NULL, NULL, 7, NULL, NULL, NULL, NULL, NULL, 'muy bueno / oso ona', 719),
(5463, '2021-01-21', '13:00', NULL, NULL, NULL, NULL, NULL, 7.04, NULL, NULL, NULL, NULL, NULL, 'muy bueno / oso ona', 719),
(5464, '2021-01-21', '12:00', NULL, NULL, NULL, NULL, NULL, 7, NULL, NULL, NULL, NULL, NULL, 'muy bueno / oso ona', 719),
(5465, '2021-01-21', '11:00', NULL, NULL, NULL, NULL, NULL, 6.96, NULL, NULL, NULL, NULL, NULL, 'muy bueno / oso ona', 719),
(5466, '2021-01-21', '10:00', NULL, NULL, NULL, NULL, NULL, 7.13, NULL, NULL, NULL, NULL, NULL, 'muy bueno / oso ona', 719),
(5467, '2021-01-21', '09:00', NULL, NULL, NULL, NULL, NULL, 7.21, NULL, NULL, NULL, NULL, NULL, 'muy bueno / oso ona', 719),
(5468, '2021-01-21', '08:00', NULL, NULL, NULL, NULL, NULL, 7.21, NULL, NULL, NULL, NULL, NULL, 'muy bueno / oso ona', 719),
(5469, '2021-01-21', '07:00', NULL, NULL, NULL, NULL, NULL, 7.08, NULL, NULL, NULL, NULL, NULL, 'muy bueno / oso ona', 719),
(5470, '2021-01-21', '06:00', NULL, NULL, NULL, NULL, NULL, 7.21, NULL, NULL, NULL, NULL, NULL, 'muy bueno / oso ona', 719),
(5471, '2021-01-21', '05:00', NULL, NULL, NULL, NULL, NULL, 7.21, NULL, NULL, NULL, NULL, NULL, 'muy bueno / oso ona', 719),
(5472, '2021-01-21', '04:00', NULL, NULL, NULL, NULL, NULL, 7.25, NULL, NULL, NULL, NULL, NULL, 'muy bueno / oso ona', 719),
(5473, '2021-01-21', '03:00', NULL, NULL, NULL, NULL, NULL, 7.25, NULL, NULL, NULL, NULL, NULL, 'muy bueno / oso ona', 719),
(5474, '2021-01-21', '02:00', NULL, NULL, NULL, NULL, NULL, 7.25, NULL, NULL, NULL, NULL, NULL, 'muy bueno / oso ona', 719),
(5475, '2021-01-21', '01:00', NULL, NULL, NULL, NULL, NULL, 7.21, NULL, NULL, NULL, NULL, NULL, 'muy bueno / oso ona', 719),
(5476, '2021-01-20', NULL, 0.18, 2, NULL, NULL, 19, NULL, NULL, NULL, NULL, NULL, NULL, NULL, 721),
(5477, '2021-01-21', '19:00', 0.23, 1, 15, NULL, 16, 3.08, NULL, 1.13, NULL, 6, NULL, 'muy bueno / oso ona', 722),
(5478, '2021-01-21', '18:00', 0.23, 2, 15, NULL, 17, 3.13, NULL, 1.13, NULL, 6, NULL, 'muy bueno / oso ona', 722),
(5479, '2021-01-21', '17:00', 0.23, 2, 18, NULL, 22, 3.08, NULL, 1.13, NULL, 5, NULL, 'muy bueno / oso ona', 722),
(5480, '2021-01-21', '16:00', 0.22, 2, 14, NULL, 17, 3.13, NULL, 1.13, NULL, 5, NULL, 'muy bueno / oso ona', 722),
(5481, '2021-01-21', '15:00', 0.2, 2, 12, NULL, 14, 3.21, NULL, 1.17, NULL, 5, NULL, 'muy bueno / oso ona', 722),
(5482, '2021-01-21', '14:00', 0.21, 2, 13, NULL, 17, 3.38, NULL, 1.21, NULL, 5, NULL, 'muy bueno / oso ona', 722),
(5483, '2021-01-21', '13:00', 0.21, 3, 20, NULL, 24, 3.63, NULL, 1.25, NULL, 6, NULL, 'muy bueno / oso ona', 722),
(5484, '2021-01-21', '12:00', 0.21, 3, 18, NULL, 21, 3.79, NULL, 1.38, NULL, 5, NULL, 'muy bueno / oso ona', 722),
(5485, '2021-01-21', '11:00', 0.19, 3, 15, NULL, 19, 4.04, NULL, 1.63, NULL, 5, NULL, 'muy bueno / oso ona', 722),
(5486, '2021-01-21', '10:00', 0.2, 3, 17, NULL, 21, 4.29, NULL, 1.83, NULL, 5, NULL, 'muy bueno / oso ona', 722),
(5487, '2021-01-21', '09:00', 0.2, 2, 15, NULL, 19, 4.83, NULL, 2.08, NULL, 5, NULL, 'muy bueno / oso ona', 722),
(5488, '2021-01-21', '08:00', 0.21, 3, 22, NULL, 26, 5.29, NULL, 2.42, NULL, 6, NULL, 'muy bueno / oso ona', 722),
(5489, '2021-01-21', '07:00', 0.19, 1, 14, NULL, 15, 5.79, NULL, 2.88, NULL, 6, NULL, 'muy bueno / oso ona', 722),
(5490, '2021-01-21', '06:00', 0.19, 0, 7, NULL, 7, 6.33, NULL, 3.33, NULL, 6, NULL, 'muy bueno / oso ona', 722),
(5491, '2021-01-21', '05:00', 0.19, 0, 6, NULL, 6, 6.88, NULL, 3.79, NULL, 5, NULL, 'muy bueno / oso ona', 722),
(5492, '2021-01-21', '04:00', 0.18, 0, 7, NULL, 7, 7.42, NULL, 4.25, NULL, 5, NULL, 'muy bueno / oso ona', 722),
(5493, '2021-01-21', '03:00', 0.18, 0, 6, NULL, 6, 7.92, NULL, 4.75, NULL, 5, NULL, 'muy bueno / oso ona', 722),
(5494, '2021-01-21', '02:00', 0.18, 0, 2, NULL, 2, 8.38, NULL, 5.13, NULL, 5, NULL, 'muy bueno / oso ona', 722),
(5495, '2021-01-21', '01:00', 0.18, 0, 2, NULL, 2, 8.67, NULL, 5.42, NULL, 5, NULL, 'muy bueno / oso ona', 722),
(5496, '2021-01-20', NULL, 0.19, 3, NULL, NULL, 14, NULL, NULL, NULL, NULL, NULL, NULL, NULL, 724),
(5497, '2021-01-21', '19:00', 0.3, 7, 33, NULL, 44, 6.42, NULL, NULL, NULL, NULL, NULL, 'muy bueno / oso ona', 725);
INSERT INTO `horario` (`Id`, `Fecha`, `Hora`, `COmgm3`, `NOgm3`, `NO2`, `NO2ICA`, `NOXgm3`, `PM10`, `PM10ICA`, `PM25`, `PM25ICA`, `SO2`, `SO2ICA`, `ICAEstacion`, `Informe`) VALUES
(5498, '2021-01-21', '18:00', 0.26, 6, 23, NULL, 32, 6.25, NULL, NULL, NULL, NULL, NULL, 'muy bueno / oso ona', 725),
(5499, '2021-01-21', '17:00', 0.24, 5, 16, NULL, 25, 6.38, NULL, NULL, NULL, NULL, NULL, 'muy bueno / oso ona', 725),
(5500, '2021-01-21', '16:00', 0.22, 3, 13, NULL, 18, 6.5, NULL, NULL, NULL, NULL, NULL, 'muy bueno / oso ona', 725),
(5501, '2021-01-21', '15:00', 0.2, 3, 8, NULL, 12, 6.63, NULL, NULL, NULL, NULL, NULL, 'muy bueno / oso ona', 725),
(5502, '2021-01-21', '14:00', 0.2, 3, 10, NULL, 14, 6.75, NULL, NULL, NULL, NULL, NULL, 'muy bueno / oso ona', 725),
(5503, '2021-01-21', '13:00', 0.21, 3, 10, NULL, 14, 7.13, NULL, NULL, NULL, NULL, NULL, 'muy bueno / oso ona', 725),
(5504, '2021-01-21', '12:00', 0.2, 3, 10, NULL, 15, 7.58, NULL, NULL, NULL, NULL, NULL, 'muy bueno / oso ona', 725),
(5505, '2021-01-21', '11:00', 0.2, 4, 11, NULL, 17, 7.63, NULL, NULL, NULL, NULL, NULL, 'muy bueno / oso ona', 725),
(5506, '2021-01-21', '10:00', 0.19, 3, 11, NULL, 16, 8.21, NULL, NULL, NULL, NULL, NULL, 'muy bueno / oso ona', 725),
(5507, '2021-01-21', '09:00', 0.19, 4, 9, NULL, 15, 8.42, NULL, NULL, NULL, NULL, NULL, 'muy bueno / oso ona', 725),
(5508, '2021-01-21', '08:00', 0.22, 5, 18, NULL, 26, 8.58, NULL, NULL, NULL, NULL, NULL, 'muy bueno / oso ona', 725),
(5509, '2021-01-21', '07:00', 0.23, 4, 14, NULL, 20, 8.96, NULL, NULL, NULL, NULL, NULL, 'muy bueno / oso ona', 725),
(5510, '2021-01-21', '06:00', 0.2, 2, 10, NULL, 12, 9.21, NULL, NULL, NULL, NULL, NULL, 'muy bueno / oso ona', 725),
(5511, '2021-01-21', '05:00', 0.19, 1, 6, NULL, 8, 9.42, NULL, NULL, NULL, NULL, NULL, 'muy bueno / oso ona', 725),
(5512, '2021-01-21', '04:00', 0.18, 1, 3, NULL, 5, 9.58, NULL, NULL, NULL, NULL, NULL, 'muy bueno / oso ona', 725),
(5513, '2021-01-21', '03:00', 0.17, 1, 3, NULL, 5, 9.71, NULL, NULL, NULL, NULL, NULL, 'muy bueno / oso ona', 725),
(5514, '2021-01-21', '02:00', 0.23, 1, 3, NULL, 5, 9.79, NULL, NULL, NULL, NULL, NULL, 'muy bueno / oso ona', 725),
(5515, '2021-01-21', '01:00', 0.23, 1, 2, NULL, 4, 9.92, NULL, NULL, NULL, NULL, NULL, 'muy bueno / oso ona', 725),
(5516, '2021-01-20', NULL, NULL, 2, NULL, NULL, 14, NULL, NULL, NULL, NULL, NULL, NULL, NULL, 727),
(5517, '2021-01-21', '19:00', NULL, 1, 5, NULL, 7, NULL, NULL, NULL, NULL, 1, NULL, 'muy bueno / oso ona', 728),
(5518, '2021-01-21', '18:00', NULL, 2, 7, NULL, 10, NULL, NULL, NULL, NULL, 2, NULL, 'muy bueno / oso ona', 728),
(5519, '2021-01-21', '17:00', NULL, 2, 7, NULL, 10, NULL, NULL, NULL, NULL, 2, NULL, 'muy bueno / oso ona', 728),
(5520, '2021-01-21', '16:00', NULL, 2, 6, NULL, 9, NULL, NULL, NULL, NULL, 2, NULL, 'muy bueno / oso ona', 728),
(5521, '2021-01-21', '15:00', NULL, 2, 5, NULL, 9, NULL, NULL, NULL, NULL, 2, NULL, 'muy bueno / oso ona', 728),
(5522, '2021-01-21', '14:00', NULL, 2, 6, NULL, 9, NULL, NULL, NULL, NULL, 2, NULL, 'muy bueno / oso ona', 728),
(5523, '2021-01-21', '13:00', NULL, 3, 12, NULL, 16, NULL, NULL, NULL, NULL, 2, NULL, 'muy bueno / oso ona', 728),
(5524, '2021-01-21', '12:00', NULL, 2, 7, NULL, 10, NULL, NULL, NULL, NULL, 2, NULL, 'muy bueno / oso ona', 728),
(5525, '2021-01-21', '11:00', NULL, 2, 6, NULL, 10, NULL, NULL, NULL, NULL, 2, NULL, 'muy bueno / oso ona', 728),
(5526, '2021-01-21', '10:00', NULL, 2, 6, NULL, 9, NULL, NULL, NULL, NULL, 2, NULL, 'muy bueno / oso ona', 728),
(5527, '2021-01-21', '09:00', NULL, 3, 11, NULL, 15, NULL, NULL, NULL, NULL, 2, NULL, 'muy bueno / oso ona', 728),
(5528, '2021-01-21', '08:00', NULL, 2, 7, NULL, 10, NULL, NULL, NULL, NULL, 2, NULL, 'muy bueno / oso ona', 728),
(5529, '2021-01-21', '07:00', NULL, 2, 9, NULL, 13, NULL, NULL, NULL, NULL, 1, NULL, 'muy bueno / oso ona', 728),
(5530, '2021-01-21', '06:00', NULL, 2, 7, NULL, 9, NULL, NULL, NULL, NULL, 1, NULL, 'muy bueno / oso ona', 728),
(5531, '2021-01-21', '05:00', NULL, 1, 5, NULL, 7, NULL, NULL, NULL, NULL, 1, NULL, 'muy bueno / oso ona', 728),
(5532, '2021-01-21', '04:00', NULL, 1, 5, NULL, 6, NULL, NULL, NULL, NULL, 2, NULL, 'muy bueno / oso ona', 728),
(5533, '2021-01-21', '03:00', NULL, 1, 3, NULL, 5, NULL, NULL, NULL, NULL, 2, NULL, 'muy bueno / oso ona', 728),
(5534, '2021-01-21', '02:00', NULL, 1, 2, NULL, 4, NULL, NULL, NULL, NULL, 2, NULL, 'muy bueno / oso ona', 728),
(5535, '2021-01-21', '01:00', NULL, 1, 3, NULL, 4, NULL, NULL, NULL, NULL, 2, NULL, 'muy bueno / oso ona', 728),
(5536, '2021-01-20', NULL, NULL, 0, NULL, NULL, 3, NULL, NULL, NULL, NULL, NULL, NULL, NULL, 730),
(5537, '2021-01-21', '19:00', NULL, 0, 2, NULL, 2, 2.58, NULL, 1.42, NULL, NULL, NULL, 'muy bueno / oso ona', 731),
(5538, '2021-01-21', '18:00', NULL, 0, 4, NULL, 4, 2.83, NULL, 1.54, NULL, NULL, NULL, 'muy bueno / oso ona', 731),
(5539, '2021-01-21', '17:00', NULL, 0, 2, NULL, 2, 2.88, NULL, 1.5, NULL, NULL, NULL, 'muy bueno / oso ona', 731),
(5540, '2021-01-21', '16:00', NULL, 1, 0, NULL, 2, 2.79, NULL, 1.33, NULL, NULL, NULL, 'muy bueno / oso ona', 731),
(5541, '2021-01-21', '15:00', NULL, 1, 1, NULL, 2, 2.75, NULL, 1.5, NULL, NULL, NULL, 'muy bueno / oso ona', 731),
(5542, '2021-01-21', '14:00', NULL, 1, 1, NULL, 2, 2.63, NULL, 1.58, NULL, NULL, NULL, 'muy bueno / oso ona', 731),
(5543, '2021-01-21', '13:00', NULL, 0, 2, NULL, 2, 2.71, NULL, 1.71, NULL, NULL, NULL, 'muy bueno / oso ona', 731),
(5544, '2021-01-21', '12:00', NULL, 0, 2, NULL, 2, 2.83, NULL, 1.67, NULL, NULL, NULL, 'muy bueno / oso ona', 731),
(5545, '2021-01-21', '11:00', NULL, 1, 1, NULL, 2, 2.83, NULL, 1.71, NULL, NULL, NULL, 'muy bueno / oso ona', 731),
(5546, '2021-01-21', '10:00', NULL, 0, 2, NULL, 2, 2.88, NULL, 1.88, NULL, NULL, NULL, 'muy bueno / oso ona', 731),
(5547, '2021-01-21', '09:00', NULL, 0, 2, NULL, 2, 2.88, NULL, 2.08, NULL, NULL, NULL, 'muy bueno / oso ona', 731),
(5548, '2021-01-21', '08:00', NULL, 0, 4, NULL, 4, 3.42, NULL, 2.42, NULL, NULL, NULL, 'muy bueno / oso ona', 731),
(5549, '2021-01-21', '07:00', NULL, 0, 4, NULL, 4, 3.58, NULL, 2.75, NULL, NULL, NULL, 'muy bueno / oso ona', 731),
(5550, '2021-01-21', '06:00', NULL, 0, 3, NULL, 3, 3.67, NULL, 2.92, NULL, NULL, NULL, 'muy bueno / oso ona', 731),
(5551, '2021-01-21', '05:00', NULL, 0, 2, NULL, 2, 3.67, NULL, 3.13, NULL, NULL, NULL, 'muy bueno / oso ona', 731),
(5552, '2021-01-21', '04:00', NULL, 0, 2, NULL, 2, 3.67, NULL, 3.33, NULL, NULL, NULL, 'muy bueno / oso ona', 731),
(5553, '2021-01-21', '03:00', NULL, 0, 2, NULL, 2, 3.96, NULL, 3.5, NULL, NULL, NULL, 'muy bueno / oso ona', 731),
(5554, '2021-01-21', '02:00', NULL, 0, 2, NULL, 2, 4.04, NULL, 3.71, NULL, NULL, NULL, 'muy bueno / oso ona', 731),
(5555, '2021-01-21', '01:00', NULL, 0, 2, NULL, 2, 4.04, NULL, 4.04, NULL, NULL, NULL, 'muy bueno / oso ona', 731),
(5556, '2021-01-21', '19:00', NULL, NULL, NULL, NULL, NULL, NULL, NULL, NULL, NULL, NULL, NULL, 'sin datos / daturik gabe', 734),
(5557, '2021-01-21', '18:00', NULL, NULL, NULL, NULL, NULL, NULL, NULL, NULL, NULL, NULL, NULL, 'sin datos / daturik gabe', 734),
(5558, '2021-01-21', '17:00', NULL, NULL, NULL, NULL, NULL, NULL, NULL, NULL, NULL, NULL, NULL, 'sin datos / daturik gabe', 734),
(5559, '2021-01-21', '16:00', NULL, NULL, NULL, NULL, NULL, NULL, NULL, NULL, NULL, NULL, NULL, 'sin datos / daturik gabe', 734),
(5560, '2021-01-21', '15:00', NULL, NULL, NULL, NULL, NULL, NULL, NULL, NULL, NULL, NULL, NULL, 'sin datos / daturik gabe', 734),
(5561, '2021-01-21', '14:00', NULL, NULL, NULL, NULL, NULL, NULL, NULL, NULL, NULL, NULL, NULL, 'sin datos / daturik gabe', 734),
(5562, '2021-01-21', '13:00', NULL, NULL, NULL, NULL, NULL, NULL, NULL, NULL, NULL, NULL, NULL, 'sin datos / daturik gabe', 734),
(5563, '2021-01-21', '12:00', NULL, NULL, NULL, NULL, NULL, NULL, NULL, NULL, NULL, NULL, NULL, 'sin datos / daturik gabe', 734),
(5564, '2021-01-21', '11:00', NULL, NULL, NULL, NULL, NULL, NULL, NULL, NULL, NULL, NULL, NULL, 'sin datos / daturik gabe', 734),
(5565, '2021-01-21', '10:00', NULL, NULL, NULL, NULL, NULL, NULL, NULL, NULL, NULL, NULL, NULL, 'sin datos / daturik gabe', 734),
(5566, '2021-01-21', '09:00', NULL, NULL, NULL, NULL, NULL, NULL, NULL, NULL, NULL, NULL, NULL, 'sin datos / daturik gabe', 734),
(5567, '2021-01-21', '08:00', NULL, NULL, NULL, NULL, NULL, NULL, NULL, NULL, NULL, NULL, NULL, 'sin datos / daturik gabe', 734),
(5568, '2021-01-21', '07:00', NULL, NULL, NULL, NULL, NULL, NULL, NULL, NULL, NULL, NULL, NULL, 'sin datos / daturik gabe', 734),
(5569, '2021-01-21', '06:00', NULL, NULL, NULL, NULL, NULL, NULL, NULL, NULL, NULL, NULL, NULL, 'sin datos / daturik gabe', 734),
(5570, '2021-01-21', '05:00', NULL, NULL, NULL, NULL, NULL, NULL, NULL, NULL, NULL, NULL, NULL, 'sin datos / daturik gabe', 734),
(5571, '2021-01-21', '04:00', NULL, NULL, NULL, NULL, NULL, NULL, NULL, NULL, NULL, NULL, NULL, 'sin datos / daturik gabe', 734),
(5572, '2021-01-21', '03:00', NULL, NULL, NULL, NULL, NULL, NULL, NULL, NULL, NULL, NULL, NULL, 'sin datos / daturik gabe', 734),
(5573, '2021-01-21', '02:00', NULL, NULL, NULL, NULL, NULL, NULL, NULL, NULL, NULL, NULL, NULL, 'sin datos / daturik gabe', 734),
(5574, '2021-01-21', '01:00', NULL, NULL, NULL, NULL, NULL, NULL, NULL, NULL, NULL, NULL, NULL, 'sin datos / daturik gabe', 734),
(5575, '2021-01-20', NULL, NULL, 1, NULL, NULL, 5, NULL, NULL, NULL, NULL, NULL, NULL, NULL, 736),
(5576, '2021-01-21', '19:00', NULL, 1, 2, NULL, 4, 2.71, NULL, NULL, NULL, 1, NULL, 'muy bueno / oso ona', 737),
(5577, '2021-01-21', '18:00', NULL, 1, 2, NULL, 4, 2.75, NULL, NULL, NULL, 1, NULL, 'muy bueno / oso ona', 737),
(5578, '2021-01-21', '17:00', NULL, 1, 3, NULL, 5, 2.79, NULL, NULL, NULL, NULL, NULL, 'muy bueno / oso ona', 737),
(5579, '2021-01-21', '16:00', NULL, 1, 2, NULL, 4, 2.88, NULL, NULL, NULL, 1, NULL, 'muy bueno / oso ona', 737),
(5580, '2021-01-21', '15:00', NULL, 1, 2, NULL, 4, 2.96, NULL, NULL, NULL, NULL, NULL, 'muy bueno / oso ona', 737),
(5581, '2021-01-21', '14:00', NULL, 1, 2, NULL, 5, 2.96, NULL, NULL, NULL, 1, NULL, 'muy bueno / oso ona', 737),
(5582, '2021-01-21', '13:00', NULL, 1, 2, NULL, 4, 2.92, NULL, NULL, NULL, NULL, NULL, 'muy bueno / oso ona', 737),
(5583, '2021-01-21', '12:00', NULL, 2, 2, NULL, 5, 2.88, NULL, NULL, NULL, 1, NULL, 'muy bueno / oso ona', 737),
(5584, '2021-01-21', '11:00', NULL, 1, 1, NULL, 3, 2.88, NULL, NULL, NULL, 1, NULL, 'muy bueno / oso ona', 737),
(5585, '2021-01-21', '10:00', NULL, 1, 1, NULL, 3, 2.92, NULL, NULL, NULL, 1, NULL, 'muy bueno / oso ona', 737),
(5586, '2021-01-21', '09:00', NULL, 2, 3, NULL, 6, 3.04, NULL, NULL, NULL, 1, NULL, 'muy bueno / oso ona', 737),
(5587, '2021-01-21', '08:00', NULL, 1, 2, NULL, 4, 3.21, NULL, NULL, NULL, 1, NULL, 'muy bueno / oso ona', 737),
(5588, '2021-01-21', '07:00', NULL, 1, 4, NULL, 6, 3.38, NULL, NULL, NULL, 1, NULL, 'muy bueno / oso ona', 737),
(5589, '2021-01-21', '06:00', NULL, 1, 2, NULL, 4, 3.54, NULL, NULL, NULL, 1, NULL, 'muy bueno / oso ona', 737),
(5590, '2021-01-21', '05:00', NULL, 1, 0, NULL, 2, 3.75, NULL, NULL, NULL, 1, NULL, 'muy bueno / oso ona', 737),
(5591, '2021-01-21', '04:00', NULL, 1, 1, NULL, 3, 4, NULL, NULL, NULL, 1, NULL, 'muy bueno / oso ona', 737),
(5592, '2021-01-21', '03:00', NULL, 1, 1, NULL, 3, 4.29, NULL, NULL, NULL, 2, NULL, 'muy bueno / oso ona', 737),
(5593, '2021-01-21', '02:00', NULL, 1, 2, NULL, 4, 4.46, NULL, NULL, NULL, 1, NULL, 'muy bueno / oso ona', 737),
(5594, '2021-01-21', '01:00', NULL, 1, 2, NULL, 4, 4.58, NULL, NULL, NULL, 1, NULL, 'muy bueno / oso ona', 737),
(5595, '2021-01-21', '19:00', NULL, NULL, NULL, NULL, NULL, NULL, NULL, NULL, NULL, NULL, NULL, 'sin datos / daturik gabe', 739),
(5596, '2021-01-21', '18:00', NULL, NULL, NULL, NULL, NULL, NULL, NULL, NULL, NULL, NULL, NULL, 'sin datos / daturik gabe', 739),
(5597, '2021-01-21', '17:00', NULL, NULL, NULL, NULL, NULL, NULL, NULL, NULL, NULL, NULL, NULL, 'sin datos / daturik gabe', 739),
(5598, '2021-01-21', '16:00', NULL, NULL, NULL, NULL, NULL, NULL, NULL, NULL, NULL, NULL, NULL, 'sin datos / daturik gabe', 739),
(5599, '2021-01-21', '15:00', NULL, NULL, NULL, NULL, NULL, NULL, NULL, NULL, NULL, NULL, NULL, 'sin datos / daturik gabe', 739),
(5600, '2021-01-21', '14:00', NULL, NULL, NULL, NULL, NULL, NULL, NULL, NULL, NULL, NULL, NULL, 'sin datos / daturik gabe', 739),
(5601, '2021-01-21', '13:00', NULL, NULL, NULL, NULL, NULL, NULL, NULL, NULL, NULL, NULL, NULL, 'sin datos / daturik gabe', 739),
(5602, '2021-01-21', '12:00', NULL, NULL, NULL, NULL, NULL, NULL, NULL, NULL, NULL, NULL, NULL, 'sin datos / daturik gabe', 739),
(5603, '2021-01-21', '11:00', NULL, NULL, NULL, NULL, NULL, NULL, NULL, NULL, NULL, NULL, NULL, 'sin datos / daturik gabe', 739),
(5604, '2021-01-21', '10:00', NULL, NULL, NULL, NULL, NULL, NULL, NULL, NULL, NULL, NULL, NULL, 'sin datos / daturik gabe', 739),
(5605, '2021-01-21', '09:00', NULL, NULL, NULL, NULL, NULL, NULL, NULL, NULL, NULL, NULL, NULL, 'sin datos / daturik gabe', 739),
(5606, '2021-01-21', '08:00', NULL, NULL, NULL, NULL, NULL, NULL, NULL, NULL, NULL, NULL, NULL, 'sin datos / daturik gabe', 739),
(5607, '2021-01-21', '07:00', NULL, NULL, NULL, NULL, NULL, NULL, NULL, NULL, NULL, NULL, NULL, 'sin datos / daturik gabe', 739),
(5608, '2021-01-21', '06:00', NULL, NULL, NULL, NULL, NULL, NULL, NULL, NULL, NULL, NULL, NULL, 'sin datos / daturik gabe', 739),
(5609, '2021-01-21', '05:00', NULL, NULL, NULL, NULL, NULL, NULL, NULL, NULL, NULL, NULL, NULL, 'sin datos / daturik gabe', 739),
(5610, '2021-01-21', '04:00', NULL, NULL, NULL, NULL, NULL, NULL, NULL, NULL, NULL, NULL, NULL, 'sin datos / daturik gabe', 739),
(5611, '2021-01-21', '03:00', NULL, NULL, NULL, NULL, NULL, NULL, NULL, NULL, NULL, NULL, NULL, 'sin datos / daturik gabe', 739),
(5612, '2021-01-21', '02:00', NULL, NULL, NULL, NULL, NULL, NULL, NULL, NULL, NULL, NULL, NULL, 'sin datos / daturik gabe', 739),
(5613, '2021-01-21', '01:00', NULL, NULL, NULL, NULL, NULL, NULL, NULL, NULL, NULL, NULL, NULL, 'sin datos / daturik gabe', 739),
(5614, '2021-01-20', NULL, 0.16, 1, NULL, NULL, 5, NULL, NULL, NULL, NULL, NULL, NULL, NULL, 741),
(5615, '2021-01-21', '19:00', 0.15, 1, 2, NULL, 4, 2.08, NULL, 1.33, NULL, NULL, NULL, 'muy bueno / oso ona', 742),
(5616, '2021-01-21', '18:00', 0.15, 1, 4, NULL, 6, 2.13, NULL, 1.38, NULL, NULL, NULL, 'muy bueno / oso ona', 742),
(5617, '2021-01-21', '17:00', 0.15, 1, 2, NULL, 4, 2.21, NULL, 1.46, NULL, NULL, NULL, 'muy bueno / oso ona', 742),
(5618, '2021-01-21', '16:00', 0.15, 1, 2, NULL, 4, 2.21, NULL, 1.46, NULL, NULL, NULL, 'muy bueno / oso ona', 742),
(5619, '2021-01-21', '15:00', 0.14, 1, 2, NULL, 4, 2.21, NULL, 1.75, NULL, NULL, NULL, 'muy bueno / oso ona', 742),
(5620, '2021-01-21', '14:00', 0.17, 1, 2, NULL, 4, 2.5, NULL, 1.96, NULL, NULL, NULL, 'muy bueno / oso ona', 742),
(5621, '2021-01-21', '13:00', 0.17, 1, 2, NULL, 4, 2.54, NULL, 2.13, NULL, NULL, NULL, 'muy bueno / oso ona', 742),
(5622, '2021-01-21', '12:00', 0.16, 1, 3, NULL, 5, 2.54, NULL, 2.21, NULL, NULL, NULL, 'muy bueno / oso ona', 742),
(5623, '2021-01-21', '11:00', 0.16, 1, 2, NULL, 4, 2.54, NULL, 2.38, NULL, NULL, NULL, 'muy bueno / oso ona', 742),
(5624, '2021-01-21', '10:00', 0.15, 2, 3, NULL, 6, 2.54, NULL, 2.58, NULL, NULL, NULL, 'muy bueno / oso ona', 742),
(5625, '2021-01-21', '09:00', 0.15, 1, 2, NULL, 4, 2.67, NULL, 2.79, NULL, NULL, NULL, 'muy bueno / oso ona', 742),
(5626, '2021-01-21', '08:00', 0.16, 1, 2, NULL, 4, 2.79, NULL, 3, NULL, NULL, NULL, 'muy bueno / oso ona', 742),
(5627, '2021-01-21', '07:00', 0.16, 1, 2, NULL, 4, 3.04, NULL, 3.33, NULL, NULL, NULL, 'muy bueno / oso ona', 742),
(5628, '2021-01-21', '06:00', 0.16, 1, 2, NULL, 4, 3.17, NULL, 3.54, NULL, NULL, NULL, 'muy bueno / oso ona', 742),
(5629, '2021-01-21', '05:00', 0.15, 1, 2, NULL, 4, 3.29, NULL, 3.63, NULL, NULL, NULL, 'muy bueno / oso ona', 742),
(5630, '2021-01-21', '04:00', 0.15, 1, 2, NULL, 4, 3.54, NULL, 3.71, NULL, NULL, NULL, 'muy bueno / oso ona', 742),
(5631, '2021-01-21', '03:00', 0.14, 1, 2, NULL, 4, 3.92, NULL, 3.92, NULL, NULL, NULL, 'muy bueno / oso ona', 742),
(5632, '2021-01-21', '02:00', 0.19, 1, 2, NULL, 4, 3.96, NULL, 4.08, NULL, NULL, NULL, 'muy bueno / oso ona', 742),
(5633, '2021-01-21', '01:00', 0.2, 1, 2, NULL, 4, 4, NULL, 4.04, NULL, NULL, NULL, 'muy bueno / oso ona', 742),
(5634, '2021-01-20', NULL, NULL, 0, NULL, NULL, 4, NULL, NULL, NULL, NULL, NULL, NULL, NULL, 744),
(5635, '2021-01-21', '19:00', NULL, 1, 6, NULL, 8, 5.88, NULL, 3.46, NULL, 2, NULL, 'muy bueno / oso ona', 745),
(5636, '2021-01-21', '18:00', NULL, 1, 8, NULL, 10, 5.92, NULL, 3.54, NULL, 2, NULL, 'muy bueno / oso ona', 745),
(5637, '2021-01-21', '17:00', NULL, 1, 6, NULL, 8, 6.04, NULL, 3.63, NULL, 1, NULL, 'muy bueno / oso ona', 745),
(5638, '2021-01-21', '16:00', NULL, 1, 5, NULL, 7, 6, NULL, 3.58, NULL, 2, NULL, 'muy bueno / oso ona', 745),
(5639, '2021-01-21', '15:00', NULL, 1, 5, NULL, 7, 6.21, NULL, 3.79, NULL, 2, NULL, 'muy bueno / oso ona', 745),
(5640, '2021-01-21', '14:00', NULL, 1, 6, NULL, 8, 6.38, NULL, 4.04, NULL, 2, NULL, 'muy bueno / oso ona', 745),
(5641, '2021-01-21', '13:00', NULL, 1, 6, NULL, 8, 6.38, NULL, 4.08, NULL, 1, NULL, 'muy bueno / oso ona', 745),
(5642, '2021-01-21', '12:00', NULL, 1, 3, NULL, 5, 6.38, NULL, 4.17, NULL, 1, NULL, 'muy bueno / oso ona', 745),
(5643, '2021-01-21', '11:00', NULL, 1, 4, NULL, 6, 6.29, NULL, 4.17, NULL, 1, NULL, 'muy bueno / oso ona', 745),
(5644, '2021-01-21', '10:00', NULL, 1, 6, NULL, 8, 6.46, NULL, 4.38, NULL, 1, NULL, 'muy bueno / oso ona', 745),
(5645, '2021-01-21', '09:00', NULL, 1, 9, NULL, 11, 6.58, NULL, 4.5, NULL, 1, NULL, 'muy bueno / oso ona', 745),
(5646, '2021-01-21', '08:00', NULL, 1, 14, NULL, 16, 6.67, NULL, 4.58, NULL, 1, NULL, 'muy bueno / oso ona', 745),
(5647, '2021-01-21', '07:00', NULL, 1, 11, NULL, 13, 6.79, NULL, 4.58, NULL, 1, NULL, 'muy bueno / oso ona', 745),
(5648, '2021-01-21', '06:00', NULL, 0, 5, NULL, 5, 6.83, NULL, 4.58, NULL, 1, NULL, 'muy bueno / oso ona', 745),
(5649, '2021-01-21', '05:00', NULL, 0, 3, NULL, 3, 6.96, NULL, 4.67, NULL, 2, NULL, 'muy bueno / oso ona', 745),
(5650, '2021-01-21', '04:00', NULL, 0, 2, NULL, 2, 7.13, NULL, 4.79, NULL, 2, NULL, 'muy bueno / oso ona', 745),
(5651, '2021-01-21', '03:00', NULL, 0, 2, NULL, 2, 7.29, NULL, 4.92, NULL, 1, NULL, 'muy bueno / oso ona', 745),
(5652, '2021-01-21', '02:00', NULL, 0, 2, NULL, 2, 7.33, NULL, 5, NULL, 1, NULL, 'muy bueno / oso ona', 745),
(5653, '2021-01-21', '01:00', NULL, 0, 3, NULL, 3, 7.38, NULL, 5.04, NULL, 1, NULL, 'muy bueno / oso ona', 745),
(5654, '2021-01-20', NULL, NULL, 0, NULL, NULL, 5, NULL, NULL, NULL, NULL, NULL, NULL, NULL, 747),
(5655, '2021-01-21', '19:00', NULL, 1, 3, NULL, 5, 9.39, NULL, 2.26, NULL, NULL, NULL, 'muy bueno / oso ona', 748),
(5656, '2021-01-21', '18:00', NULL, 1, 4, NULL, 6, 9.43, NULL, 2.22, NULL, NULL, NULL, 'muy bueno / oso ona', 748),
(5657, '2021-01-21', '17:00', NULL, 1, 5, NULL, 7, 9.87, NULL, 2.17, NULL, NULL, NULL, 'muy bueno / oso ona', 748),
(5658, '2021-01-21', '16:00', NULL, 1, 3, NULL, 5, 10.26, NULL, 2.3, NULL, NULL, NULL, 'muy bueno / oso ona', 748),
(5659, '2021-01-21', '15:00', NULL, 2, 4, NULL, 7, 10.04, NULL, 2.17, NULL, NULL, NULL, 'muy bueno / oso ona', 748),
(5660, '2021-01-21', '14:00', NULL, 2, 4, NULL, 7, 9.91, NULL, 2.17, NULL, NULL, NULL, 'muy bueno / oso ona', 748),
(5661, '2021-01-21', '13:00', NULL, 2, 5, NULL, 8, 9.96, NULL, 2.26, NULL, NULL, NULL, 'muy bueno / oso ona', 748),
(5662, '2021-01-21', '12:00', NULL, 1, 6, NULL, 8, 9.91, NULL, 2.52, NULL, NULL, NULL, 'muy bueno / oso ona', 748),
(5663, '2021-01-21', '11:00', NULL, NULL, NULL, NULL, NULL, 9.74, NULL, 2.7, NULL, NULL, NULL, 'muy bueno / oso ona', 748),
(5664, '2021-01-21', '10:00', NULL, 0, 4, NULL, 5, 10.04, NULL, 2.92, NULL, NULL, NULL, 'muy bueno / oso ona', 748),
(5665, '2021-01-21', '09:00', NULL, 0, 6, NULL, 7, 10.33, NULL, 3.29, NULL, NULL, NULL, 'muy bueno / oso ona', 748),
(5666, '2021-01-21', '08:00', NULL, 1, 9, NULL, 10, 10.67, NULL, 3.54, NULL, NULL, NULL, 'muy bueno / oso ona', 748),
(5667, '2021-01-21', '07:00', NULL, 0, 5, NULL, 5, 11.21, NULL, 3.96, NULL, NULL, NULL, 'muy bueno / oso ona', 748),
(5668, '2021-01-21', '06:00', NULL, 0, 2, NULL, 2, 11.88, NULL, 4.38, NULL, NULL, NULL, 'muy bueno / oso ona', 748),
(5669, '2021-01-21', '05:00', NULL, 0, 1, NULL, 1, 12.42, NULL, 4.83, NULL, NULL, NULL, 'muy bueno / oso ona', 748),
(5670, '2021-01-21', '04:00', NULL, 0, 0, NULL, 0, 12.92, NULL, 5, NULL, NULL, NULL, 'muy bueno / oso ona', 748),
(5671, '2021-01-21', '03:00', NULL, 0, 0, NULL, 0, 13.29, NULL, 5.42, NULL, NULL, NULL, 'muy bueno / oso ona', 748),
(5672, '2021-01-21', '02:00', NULL, 0, 0, NULL, 0, 13.54, NULL, 5.63, NULL, NULL, NULL, 'muy bueno / oso ona', 748),
(5673, '2021-01-21', '01:00', NULL, 0, 0, NULL, 0, 13.83, NULL, 5.58, NULL, NULL, NULL, 'muy bueno / oso ona', 748),
(5674, '2021-01-20', NULL, NULL, 2, NULL, NULL, 13, NULL, NULL, NULL, NULL, NULL, NULL, NULL, 750),
(5675, '2021-01-21', '19:00', NULL, 1, 10, NULL, 12, 3.58, NULL, 1.88, NULL, 3, NULL, 'muy bueno / oso ona', 751),
(5676, '2021-01-21', '18:00', NULL, 2, 12, NULL, 16, 3.71, NULL, 1.96, NULL, 3, NULL, 'muy bueno / oso ona', 751),
(5677, '2021-01-21', '17:00', NULL, 3, 11, NULL, 15, 3.88, NULL, 2.04, NULL, 3, NULL, 'muy bueno / oso ona', 751),
(5678, '2021-01-21', '16:00', NULL, 3, 12, NULL, 18, 3.83, NULL, 1.96, NULL, 3, NULL, 'muy bueno / oso ona', 751),
(5679, '2021-01-21', '15:00', NULL, 3, 10, NULL, 15, 3.75, NULL, 1.92, NULL, 3, NULL, 'muy bueno / oso ona', 751),
(5680, '2021-01-21', '14:00', NULL, 4, 10, NULL, 15, 3.71, NULL, 2.13, NULL, 3, NULL, 'muy bueno / oso ona', 751),
(5681, '2021-01-21', '13:00', NULL, 4, 11, NULL, 17, 3.71, NULL, 2.21, NULL, 3, NULL, 'muy bueno / oso ona', 751),
(5682, '2021-01-21', '12:00', NULL, 3, 11, NULL, 16, 3.71, NULL, 2.29, NULL, 3, NULL, 'muy bueno / oso ona', 751),
(5683, '2021-01-21', '11:00', NULL, 3, 12, NULL, 17, 3.75, NULL, 2.29, NULL, 3, NULL, 'muy bueno / oso ona', 751),
(5684, '2021-01-21', '10:00', NULL, 4, 12, NULL, 18, 3.92, NULL, 2.38, NULL, 3, NULL, 'muy bueno / oso ona', 751),
(5685, '2021-01-21', '09:00', NULL, 4, 14, NULL, 21, 4.25, NULL, 2.71, NULL, 3, NULL, 'muy bueno / oso ona', 751),
(5686, '2021-01-21', '08:00', NULL, 2, 14, NULL, 17, 4.58, NULL, 3.08, NULL, 3, NULL, 'muy bueno / oso ona', 751),
(5687, '2021-01-21', '07:00', NULL, 2, 12, NULL, 15, 4.92, NULL, 3.38, NULL, 3, NULL, 'muy bueno / oso ona', 751),
(5688, '2021-01-21', '06:00', NULL, 1, 8, NULL, 10, 5.29, NULL, 3.75, NULL, 3, NULL, 'muy bueno / oso ona', 751),
(5689, '2021-01-21', '05:00', NULL, 1, 6, NULL, 8, 5.63, NULL, 4.29, NULL, 4, NULL, 'muy bueno / oso ona', 751),
(5690, '2021-01-21', '04:00', NULL, 1, 4, NULL, 5, 5.88, NULL, 4.75, NULL, 3, NULL, 'muy bueno / oso ona', 751),
(5691, '2021-01-21', '03:00', NULL, 1, 3, NULL, 4, 6.08, NULL, 5.13, NULL, 3, NULL, 'muy bueno / oso ona', 751),
(5692, '2021-01-21', '02:00', NULL, 1, 4, NULL, 5, 6.21, NULL, 5.5, NULL, 3, NULL, 'muy bueno / oso ona', 751),
(5693, '2021-01-21', '01:00', NULL, 1, 4, NULL, 6, 6.42, NULL, 5.5, NULL, 3, NULL, 'muy bueno / oso ona', 751),
(5694, '2021-01-20', NULL, NULL, 0, NULL, NULL, 3, NULL, NULL, NULL, NULL, NULL, NULL, NULL, 753),
(5695, '2021-01-21', '19:00', NULL, 0, 2, NULL, 2, NULL, NULL, NULL, NULL, NULL, NULL, 'muy bueno / oso ona', 754),
(5696, '2021-01-21', '18:00', NULL, 0, 2, NULL, 2, NULL, NULL, NULL, NULL, NULL, NULL, 'muy bueno / oso ona', 754),
(5697, '2021-01-21', '17:00', NULL, NULL, NULL, NULL, NULL, NULL, NULL, NULL, NULL, NULL, NULL, 'sin datos / daturik gabe', 754),
(5698, '2021-01-21', '16:00', NULL, 0, 2, NULL, 2, NULL, NULL, NULL, NULL, NULL, NULL, 'muy bueno / oso ona', 754),
(5699, '2021-01-21', '15:00', NULL, 0, 2, NULL, 2, NULL, NULL, NULL, NULL, NULL, NULL, 'muy bueno / oso ona', 754),
(5700, '2021-01-21', '14:00', NULL, 0, 2, NULL, 2, NULL, NULL, NULL, NULL, NULL, NULL, 'muy bueno / oso ona', 754),
(5701, '2021-01-21', '13:00', NULL, 0, 2, NULL, 2, NULL, NULL, NULL, NULL, NULL, NULL, 'muy bueno / oso ona', 754),
(5702, '2021-01-21', '12:00', NULL, 0, 2, NULL, 2, NULL, NULL, NULL, NULL, NULL, NULL, 'muy bueno / oso ona', 754),
(5703, '2021-01-21', '11:00', NULL, 0, 2, NULL, 2, NULL, NULL, NULL, NULL, NULL, NULL, 'muy bueno / oso ona', 754),
(5704, '2021-01-21', '10:00', NULL, 0, 2, NULL, 2, NULL, NULL, NULL, NULL, NULL, NULL, 'muy bueno / oso ona', 754),
(5705, '2021-01-21', '09:00', NULL, 0, 2, NULL, 2, NULL, NULL, NULL, NULL, NULL, NULL, 'muy bueno / oso ona', 754),
(5706, '2021-01-21', '08:00', NULL, 0, 3, NULL, 3, NULL, NULL, NULL, NULL, NULL, NULL, 'muy bueno / oso ona', 754),
(5707, '2021-01-21', '07:00', NULL, 0, 4, NULL, 4, NULL, NULL, NULL, NULL, NULL, NULL, 'muy bueno / oso ona', 754),
(5708, '2021-01-21', '06:00', NULL, 0, 2, NULL, 2, NULL, NULL, NULL, NULL, NULL, NULL, 'muy bueno / oso ona', 754),
(5709, '2021-01-21', '05:00', NULL, 0, 2, NULL, 2, NULL, NULL, NULL, NULL, NULL, NULL, 'muy bueno / oso ona', 754),
(5710, '2021-01-21', '04:00', NULL, 0, 2, NULL, 2, NULL, NULL, NULL, NULL, NULL, NULL, 'muy bueno / oso ona', 754),
(5711, '2021-01-21', '03:00', NULL, 0, 2, NULL, 2, NULL, NULL, NULL, NULL, NULL, NULL, 'muy bueno / oso ona', 754),
(5712, '2021-01-21', '02:00', NULL, 0, 2, NULL, 2, NULL, NULL, NULL, NULL, NULL, NULL, 'muy bueno / oso ona', 754),
(5713, '2021-01-21', '01:00', NULL, 0, 2, NULL, 2, NULL, NULL, NULL, NULL, NULL, NULL, 'muy bueno / oso ona', 754),
(5714, '2021-01-20', NULL, NULL, 3, NULL, NULL, 13, NULL, NULL, NULL, NULL, NULL, NULL, NULL, 756),
(5715, '2021-01-21', '19:00', NULL, 2, 8, NULL, 10, NULL, NULL, NULL, NULL, NULL, NULL, 'muy bueno / oso ona', 757),
(5716, '2021-01-21', '18:00', NULL, 2, 10, NULL, 14, NULL, NULL, NULL, NULL, NULL, NULL, 'muy bueno / oso ona', 757),
(5717, '2021-01-21', '17:00', NULL, 3, 10, NULL, 14, NULL, NULL, NULL, NULL, NULL, NULL, 'muy bueno / oso ona', 757),
(5718, '2021-01-21', '16:00', NULL, 2, 8, NULL, 12, NULL, NULL, NULL, NULL, NULL, NULL, 'muy bueno / oso ona', 757),
(5719, '2021-01-21', '15:00', NULL, 2, 7, NULL, 11, NULL, NULL, NULL, NULL, NULL, NULL, 'muy bueno / oso ona', 757),
(5720, '2021-01-21', '14:00', NULL, 2, 7, NULL, 11, NULL, NULL, NULL, NULL, NULL, NULL, 'muy bueno / oso ona', 757),
(5721, '2021-01-21', '13:00', NULL, 2, 7, NULL, 10, NULL, NULL, NULL, NULL, NULL, NULL, 'muy bueno / oso ona', 757),
(5722, '2021-01-21', '12:00', NULL, 2, 9, NULL, 12, NULL, NULL, NULL, NULL, NULL, NULL, 'muy bueno / oso ona', 757),
(5723, '2021-01-21', '11:00', NULL, 2, 9, NULL, 13, NULL, NULL, NULL, NULL, NULL, NULL, 'muy bueno / oso ona', 757),
(5724, '2021-01-21', '10:00', NULL, 3, 9, NULL, 13, NULL, NULL, NULL, NULL, NULL, NULL, 'muy bueno / oso ona', 757),
(5725, '2021-01-21', '09:00', NULL, 3, 10, NULL, 14, NULL, NULL, NULL, NULL, NULL, NULL, 'muy bueno / oso ona', 757),
(5726, '2021-01-21', '08:00', NULL, 3, 12, NULL, 16, NULL, NULL, NULL, NULL, NULL, NULL, 'muy bueno / oso ona', 757),
(5727, '2021-01-21', '07:00', NULL, 3, 16, NULL, 20, NULL, NULL, NULL, NULL, NULL, NULL, 'muy bueno / oso ona', 757),
(5728, '2021-01-21', '06:00', NULL, 2, 11, NULL, 14, NULL, NULL, NULL, NULL, NULL, NULL, 'muy bueno / oso ona', 757),
(5729, '2021-01-21', '05:00', NULL, 2, 8, NULL, 11, NULL, NULL, NULL, NULL, NULL, NULL, 'muy bueno / oso ona', 757),
(5730, '2021-01-21', '04:00', NULL, 2, 7, NULL, 10, NULL, NULL, NULL, NULL, NULL, NULL, 'muy bueno / oso ona', 757),
(5731, '2021-01-21', '03:00', NULL, 2, 9, NULL, 13, NULL, NULL, NULL, NULL, NULL, NULL, 'muy bueno / oso ona', 757),
(5732, '2021-01-21', '02:00', NULL, 2, 7, NULL, 10, NULL, NULL, NULL, NULL, NULL, NULL, 'muy bueno / oso ona', 757),
(5733, '2021-01-21', '01:00', NULL, 2, 7, NULL, 11, NULL, NULL, NULL, NULL, NULL, NULL, 'muy bueno / oso ona', 757),
(5734, '2021-01-20', NULL, NULL, 3, NULL, NULL, 18, NULL, NULL, NULL, NULL, NULL, NULL, NULL, 759),
(5735, '2021-01-21', '19:00', NULL, 2, 14, NULL, 17, 6.33, NULL, NULL, NULL, NULL, NULL, 'muy bueno / oso ona', 760),
(5736, '2021-01-21', '18:00', NULL, 2, 19, NULL, 22, 6.46, NULL, NULL, NULL, NULL, NULL, 'muy bueno / oso ona', 760),
(5737, '2021-01-21', '17:00', NULL, 3, 17, NULL, 21, 6.63, NULL, NULL, NULL, NULL, NULL, 'muy bueno / oso ona', 760),
(5738, '2021-01-21', '16:00', NULL, 4, 13, NULL, 19, 6.75, NULL, NULL, NULL, NULL, NULL, 'muy bueno / oso ona', 760),
(5739, '2021-01-21', '15:00', NULL, 4, 17, NULL, 23, 6.88, NULL, NULL, NULL, NULL, NULL, 'muy bueno / oso ona', 760),
(5740, '2021-01-21', '14:00', NULL, 6, 20, NULL, 29, 7.08, NULL, NULL, NULL, NULL, NULL, 'muy bueno / oso ona', 760),
(5741, '2021-01-21', '13:00', NULL, 5, 19, NULL, 27, 7.25, NULL, NULL, NULL, NULL, NULL, 'muy bueno / oso ona', 760),
(5742, '2021-01-21', '12:00', NULL, 5, 17, NULL, 23, 7.5, NULL, NULL, NULL, NULL, NULL, 'muy bueno / oso ona', 760),
(5743, '2021-01-21', '11:00', NULL, 4, 14, NULL, 20, 7.63, NULL, NULL, NULL, NULL, NULL, 'muy bueno / oso ona', 760),
(5744, '2021-01-21', '10:00', NULL, 3, 15, NULL, 20, 7.83, NULL, NULL, NULL, NULL, NULL, 'muy bueno / oso ona', 760),
(5745, '2021-01-21', '09:00', NULL, 6, 28, NULL, 37, 8.08, NULL, NULL, NULL, NULL, NULL, 'muy bueno / oso ona', 760),
(5746, '2021-01-21', '08:00', NULL, 11, 42, NULL, 59, 8.33, NULL, NULL, NULL, NULL, NULL, 'bueno / ona', 760),
(5747, '2021-01-21', '07:00', NULL, 26, 54, NULL, 93, 8.54, NULL, NULL, NULL, NULL, NULL, 'bueno / ona', 760),
(5748, '2021-01-21', '06:00', NULL, 9, 33, NULL, 47, 8.58, NULL, NULL, NULL, NULL, NULL, 'muy bueno / oso ona', 760),
(5749, '2021-01-21', '05:00', NULL, 8, 33, NULL, 45, 8.67, NULL, NULL, NULL, NULL, NULL, 'muy bueno / oso ona', 760),
(5750, '2021-01-21', '04:00', NULL, 1, 12, NULL, 14, 8.71, NULL, NULL, NULL, NULL, NULL, 'muy bueno / oso ona', 760),
(5751, '2021-01-21', '03:00', NULL, 1, 7, NULL, 8, 8.75, NULL, NULL, NULL, NULL, NULL, 'muy bueno / oso ona', 760),
(5752, '2021-01-21', '02:00', NULL, 1, 6, NULL, 7, 8.75, NULL, NULL, NULL, NULL, NULL, 'muy bueno / oso ona', 760),
(5753, '2021-01-21', '01:00', NULL, 0, 6, NULL, 6, 8.79, NULL, NULL, NULL, NULL, NULL, 'muy bueno / oso ona', 760),
(5754, '2021-01-21', '19:00', NULL, NULL, NULL, NULL, NULL, NULL, NULL, NULL, NULL, NULL, NULL, 'muy bueno / oso ona', 763),
(5755, '2021-01-21', '18:00', NULL, NULL, NULL, NULL, NULL, NULL, NULL, NULL, NULL, NULL, NULL, 'muy bueno / oso ona', 763),
(5756, '2021-01-21', '17:00', NULL, NULL, NULL, NULL, NULL, NULL, NULL, NULL, NULL, NULL, NULL, 'muy bueno / oso ona', 763),
(5757, '2021-01-21', '16:00', NULL, NULL, NULL, NULL, NULL, NULL, NULL, NULL, NULL, NULL, NULL, 'muy bueno / oso ona', 763),
(5758, '2021-01-21', '15:00', NULL, NULL, NULL, NULL, NULL, NULL, NULL, NULL, NULL, NULL, NULL, 'muy bueno / oso ona', 763),
(5759, '2021-01-21', '14:00', NULL, NULL, NULL, NULL, NULL, NULL, NULL, NULL, NULL, NULL, NULL, 'muy bueno / oso ona', 763),
(5760, '2021-01-21', '13:00', NULL, NULL, NULL, NULL, NULL, NULL, NULL, NULL, NULL, NULL, NULL, 'muy bueno / oso ona', 763),
(5761, '2021-01-21', '12:00', NULL, NULL, NULL, NULL, NULL, NULL, NULL, NULL, NULL, NULL, NULL, 'muy bueno / oso ona', 763),
(5762, '2021-01-21', '11:00', NULL, NULL, NULL, NULL, NULL, NULL, NULL, NULL, NULL, NULL, NULL, 'muy bueno / oso ona', 763),
(5763, '2021-01-21', '10:00', NULL, NULL, NULL, NULL, NULL, NULL, NULL, NULL, NULL, NULL, NULL, 'muy bueno / oso ona', 763),
(5764, '2021-01-21', '09:00', NULL, NULL, NULL, NULL, NULL, NULL, NULL, NULL, NULL, NULL, NULL, 'bueno / ona', 763),
(5765, '2021-01-21', '08:00', NULL, NULL, NULL, NULL, NULL, NULL, NULL, NULL, NULL, NULL, NULL, 'muy bueno / oso ona', 763),
(5766, '2021-01-21', '07:00', NULL, NULL, NULL, NULL, NULL, NULL, NULL, NULL, NULL, NULL, NULL, 'muy bueno / oso ona', 763),
(5767, '2021-01-21', '06:00', NULL, NULL, NULL, NULL, NULL, NULL, NULL, NULL, NULL, NULL, NULL, 'muy bueno / oso ona', 763),
(5768, '2021-01-21', '05:00', NULL, NULL, NULL, NULL, NULL, NULL, NULL, NULL, NULL, NULL, NULL, 'muy bueno / oso ona', 763),
(5769, '2021-01-21', '04:00', NULL, NULL, NULL, NULL, NULL, NULL, NULL, NULL, NULL, NULL, NULL, 'muy bueno / oso ona', 763),
(5770, '2021-01-21', '03:00', NULL, NULL, NULL, NULL, NULL, NULL, NULL, NULL, NULL, NULL, NULL, 'muy bueno / oso ona', 763),
(5771, '2021-01-21', '02:00', NULL, NULL, NULL, NULL, NULL, NULL, NULL, NULL, NULL, NULL, NULL, 'muy bueno / oso ona', 763),
(5772, '2021-01-21', '01:00', NULL, NULL, NULL, NULL, NULL, NULL, NULL, NULL, NULL, NULL, NULL, 'muy bueno / oso ona', 763),
(5773, '2021-01-20', NULL, NULL, 1, NULL, NULL, 6, NULL, NULL, NULL, NULL, NULL, NULL, NULL, 765),
(5774, '2021-01-21', '19:00', NULL, 1, 3, NULL, 5, 3, NULL, 2.46, NULL, 3, NULL, 'muy bueno / oso ona', 766),
(5775, '2021-01-21', '18:00', NULL, 1, 4, NULL, 5, 3.13, NULL, 2.54, NULL, 3, NULL, 'muy bueno / oso ona', 766),
(5776, '2021-01-21', '17:00', NULL, 1, 3, NULL, 5, 3.33, NULL, 2.67, NULL, 2, NULL, 'muy bueno / oso ona', 766),
(5777, '2021-01-21', '16:00', NULL, 1, 3, NULL, 5, 3.5, NULL, 2.75, NULL, 2, NULL, 'muy bueno / oso ona', 766),
(5778, '2021-01-21', '15:00', NULL, 1, 3, NULL, 5, 3.71, NULL, 2.88, NULL, 2, NULL, 'muy bueno / oso ona', 766),
(5779, '2021-01-21', '14:00', NULL, 2, 4, NULL, 8, 3.79, NULL, 3, NULL, 3, NULL, 'muy bueno / oso ona', 766),
(5780, '2021-01-21', '13:00', NULL, 1, 4, NULL, 7, 3.87, NULL, 3.29, NULL, 2, NULL, 'muy bueno / oso ona', 766),
(5781, '2021-01-21', '12:00', NULL, 1, 4, NULL, 7, 4, NULL, 3.63, NULL, 3, NULL, 'muy bueno / oso ona', 766),
(5782, '2021-01-21', '11:00', NULL, 2, 5, NULL, 9, 4.1, NULL, 4.04, NULL, 2, NULL, 'muy bueno / oso ona', 766),
(5783, '2021-01-21', '10:00', NULL, 2, 5, NULL, 9, 4.2, NULL, 4.17, NULL, 3, NULL, 'muy bueno / oso ona', 766),
(5784, '2021-01-21', '09:00', NULL, 2, 6, NULL, 10, 4.65, NULL, 4.57, NULL, 2, NULL, 'muy bueno / oso ona', 766),
(5785, '2021-01-21', '08:00', NULL, 3, 8, NULL, 12, 5.2, NULL, 4.91, NULL, 2, NULL, 'muy bueno / oso ona', 766),
(5786, '2021-01-21', '07:00', NULL, 1, 4, NULL, 7, 5.6, NULL, 5.26, NULL, 3, NULL, 'muy bueno / oso ona', 766),
(5787, '2021-01-21', '06:00', NULL, 1, 3, NULL, 5, 5.9, NULL, 5.48, NULL, 2, NULL, 'muy bueno / oso ona', 766),
(5788, '2021-01-21', '05:00', NULL, 1, 3, NULL, 4, 5.95, NULL, 5.61, NULL, 2, NULL, 'muy bueno / oso ona', 766),
(5789, '2021-01-21', '04:00', NULL, 1, 2, NULL, 4, 5.95, NULL, 5.57, NULL, 2, NULL, 'muy bueno / oso ona', 766),
(5790, '2021-01-21', '03:00', NULL, 1, 2, NULL, 4, 5.9, NULL, 5.48, NULL, 2, NULL, 'muy bueno / oso ona', 766),
(5791, '2021-01-21', '02:00', NULL, 1, 2, NULL, 4, 5.8, NULL, 5.22, NULL, 3, NULL, 'muy bueno / oso ona', 766),
(5792, '2021-01-21', '01:00', NULL, 1, 2, NULL, 4, 5.5, NULL, 4.91, NULL, 2, NULL, 'muy bueno / oso ona', 766),
(5793, '2021-01-20', NULL, NULL, 0, NULL, NULL, 3, NULL, NULL, NULL, NULL, NULL, NULL, NULL, 768),
(5794, '2021-01-21', '19:00', NULL, 0, 4, NULL, 5, 2.17, NULL, 1.33, NULL, 2, NULL, 'muy bueno / oso ona', 769),
(5795, '2021-01-21', '18:00', NULL, 0, 5, NULL, 5, 2.13, NULL, 1.21, NULL, 2, NULL, 'muy bueno / oso ona', 769),
(5796, '2021-01-21', '17:00', NULL, 1, 3, NULL, 4, 2.13, NULL, 1.17, NULL, 2, NULL, 'muy bueno / oso ona', 769),
(5797, '2021-01-21', '16:00', NULL, 0, 2, NULL, 2, 2.13, NULL, 1.17, NULL, 2, NULL, 'muy bueno / oso ona', 769),
(5798, '2021-01-21', '15:00', NULL, 0, 2, NULL, 2, 2.17, NULL, 1.13, NULL, 2, NULL, 'muy bueno / oso ona', 769),
(5799, '2021-01-21', '14:00', NULL, 0, 1, NULL, 1, 2.17, NULL, 1.13, NULL, 2, NULL, 'muy bueno / oso ona', 769),
(5800, '2021-01-21', '13:00', NULL, 0, 2, NULL, 2, 2.17, NULL, 1.17, NULL, 2, NULL, 'muy bueno / oso ona', 769),
(5801, '2021-01-21', '12:00', NULL, 0, 2, NULL, 2, 2.17, NULL, 1.13, NULL, 2, NULL, 'muy bueno / oso ona', 769),
(5802, '2021-01-21', '11:00', NULL, 0, 2, NULL, 2, 2.25, NULL, 1.08, NULL, 2, NULL, 'muy bueno / oso ona', 769),
(5803, '2021-01-21', '10:00', NULL, 1, 3, NULL, 4, 2.5, NULL, 1.25, NULL, 2, NULL, 'muy bueno / oso ona', 769),
(5804, '2021-01-21', '09:00', NULL, 0, 2, NULL, 2, 2.92, NULL, 1.46, NULL, 2, NULL, 'muy bueno / oso ona', 769),
(5805, '2021-01-21', '08:00', NULL, 0, 3, NULL, 3, 3.5, NULL, 1.75, NULL, 3, NULL, 'muy bueno / oso ona', 769),
(5806, '2021-01-21', '07:00', NULL, 0, 4, NULL, 4, 3.83, NULL, 2.04, NULL, 2, NULL, 'muy bueno / oso ona', 769),
(5807, '2021-01-21', '06:00', NULL, 1, 6, NULL, 7, 4.38, NULL, 2.42, NULL, 2, NULL, 'muy bueno / oso ona', 769),
(5808, '2021-01-21', '05:00', NULL, 0, 4, NULL, 4, 4.79, NULL, 2.67, NULL, 2, NULL, 'muy bueno / oso ona', 769),
(5809, '2021-01-21', '04:00', NULL, 0, 2, NULL, 2, 5.21, NULL, 3.08, NULL, 2, NULL, 'muy bueno / oso ona', 769),
(5810, '2021-01-21', '03:00', NULL, 0, 0, NULL, 0, 5.79, NULL, 3.63, NULL, 2, NULL, 'muy bueno / oso ona', 769),
(5811, '2021-01-21', '02:00', NULL, 0, 1, NULL, 1, 6.29, NULL, 4, NULL, 2, NULL, 'muy bueno / oso ona', 769),
(5812, '2021-01-21', '01:00', NULL, 0, 0, NULL, 0, 6.58, NULL, 4.25, NULL, 2, NULL, 'muy bueno / oso ona', 769),
(5813, '2021-01-20', NULL, NULL, 0, NULL, NULL, 4, NULL, NULL, NULL, NULL, NULL, NULL, NULL, 771),
(5814, '2021-01-21', '19:00', NULL, 0, 3, NULL, 4, 3.83, NULL, 2.5, NULL, NULL, NULL, 'muy bueno / oso ona', 772),
(5815, '2021-01-21', '18:00', NULL, 1, 4, NULL, 5, 4.08, NULL, 2.63, NULL, NULL, NULL, 'muy bueno / oso ona', 772),
(5816, '2021-01-21', '17:00', NULL, 0, 5, NULL, 5, 4.33, NULL, 2.79, NULL, NULL, NULL, 'muy bueno / oso ona', 772),
(5817, '2021-01-21', '16:00', NULL, 0, 3, NULL, 4, 4.63, NULL, 2.96, NULL, NULL, NULL, 'muy bueno / oso ona', 772),
(5818, '2021-01-21', '15:00', NULL, 0, 4, NULL, 4, 5, NULL, 3.13, NULL, NULL, NULL, 'muy bueno / oso ona', 772),
(5819, '2021-01-21', '14:00', NULL, 0, 4, NULL, 4, 5.29, NULL, 3.33, NULL, NULL, NULL, 'muy bueno / oso ona', 772),
(5820, '2021-01-21', '13:00', NULL, 0, 4, NULL, 4, 5.58, NULL, 3.58, NULL, NULL, NULL, 'muy bueno / oso ona', 772),
(5821, '2021-01-21', '12:00', NULL, 0, 4, NULL, 4, 5.79, NULL, 3.88, NULL, NULL, NULL, 'muy bueno / oso ona', 772),
(5822, '2021-01-21', '11:00', NULL, 0, 4, NULL, 4, 5.78, NULL, 3.96, NULL, NULL, NULL, 'muy bueno / oso ona', 772),
(5823, '2021-01-21', '10:00', NULL, 0, 4, NULL, 6, 6.04, NULL, 4.3, NULL, NULL, NULL, 'muy bueno / oso ona', 772),
(5824, '2021-01-21', '09:00', NULL, 0, 6, NULL, 6, 6.39, NULL, 4.61, NULL, NULL, NULL, 'muy bueno / oso ona', 772),
(5825, '2021-01-21', '08:00', NULL, 0, 6, NULL, 7, 6.78, NULL, 4.96, NULL, NULL, NULL, 'muy bueno / oso ona', 772),
(5826, '2021-01-21', '07:00', NULL, 0, 6, NULL, 6, 7.17, NULL, 5.22, NULL, NULL, NULL, 'muy bueno / oso ona', 772),
(5827, '2021-01-21', '06:00', NULL, 0, 4, NULL, 4, 7.39, NULL, 5.3, NULL, NULL, NULL, 'muy bueno / oso ona', 772),
(5828, '2021-01-21', '05:00', NULL, 0, 5, NULL, 5, 7.57, NULL, 5.39, NULL, NULL, NULL, 'muy bueno / oso ona', 772),
(5829, '2021-01-21', '04:00', NULL, 0, 2, NULL, 3, 7.7, NULL, 5.39, NULL, NULL, NULL, 'muy bueno / oso ona', 772),
(5830, '2021-01-21', '03:00', NULL, 0, 2, NULL, 2, 7.87, NULL, 5.39, NULL, NULL, NULL, 'muy bueno / oso ona', 772),
(5831, '2021-01-21', '02:00', NULL, 0, 2, NULL, 2, 8.13, NULL, 5.3, NULL, NULL, NULL, 'muy bueno / oso ona', 772),
(5832, '2021-01-21', '01:00', NULL, 0, 3, NULL, 3, 8.48, NULL, 5.13, NULL, NULL, NULL, 'muy bueno / oso ona', 772),
(5833, '2021-01-20', NULL, 0.26, 1, NULL, NULL, 9, NULL, NULL, NULL, NULL, NULL, NULL, NULL, 774),
(5834, '2021-01-21', '19:00', 0.29, 1, 7, NULL, 9, 3.33, NULL, 2.25, NULL, 4, NULL, 'muy bueno / oso ona', 775),
(5835, '2021-01-21', '18:00', 0.28, 1, 10, NULL, 12, 3.5, NULL, 2.5, NULL, 4, NULL, 'muy bueno / oso ona', 775),
(5836, '2021-01-21', '17:00', 0.28, 1, 8, NULL, 10, 3.75, NULL, 2.71, NULL, 4, NULL, 'muy bueno / oso ona', 775),
(5837, '2021-01-21', '16:00', 0.27, 1, 8, NULL, 10, 4.04, NULL, 2.96, NULL, 3, NULL, 'muy bueno / oso ona', 775),
(5838, '2021-01-21', '15:00', 0.26, 1, 7, NULL, 9, 4.33, NULL, 3.17, NULL, 3, NULL, 'muy bueno / oso ona', 775),
(5839, '2021-01-21', '14:00', 0.27, 1, 7, NULL, 9, 4.67, NULL, 3.46, NULL, 4, NULL, 'muy bueno / oso ona', 775),
(5840, '2021-01-21', '13:00', 0.25, 1, 7, NULL, 9, 5.04, NULL, 3.71, NULL, 3, NULL, 'muy bueno / oso ona', 775),
(5841, '2021-01-21', '12:00', 0.25, 2, 7, NULL, 9, 5.33, NULL, 3.92, NULL, 3, NULL, 'muy bueno / oso ona', 775),
(5842, '2021-01-21', '11:00', 0.25, 1, 6, NULL, 9, 5.71, NULL, 4.13, NULL, 3, NULL, 'muy bueno / oso ona', 775),
(5843, '2021-01-21', '10:00', 0.25, 2, 7, NULL, 9, 6.08, NULL, 4.46, NULL, 4, NULL, 'muy bueno / oso ona', 775),
(5844, '2021-01-21', '09:00', 0.26, 1, 8, NULL, 10, 6.5, NULL, 4.79, NULL, 3, NULL, 'muy bueno / oso ona', 775),
(5845, '2021-01-21', '08:00', 0.28, 1, 9, NULL, 12, 6.92, NULL, 5.08, NULL, 3, NULL, 'muy bueno / oso ona', 775),
(5846, '2021-01-21', '07:00', 0.27, 3, 9, NULL, 14, 7.25, NULL, 5.33, NULL, 4, NULL, 'muy bueno / oso ona', 775),
(5847, '2021-01-21', '06:00', 0.26, 1, 5, NULL, 7, 7.46, NULL, 5.54, NULL, 3, NULL, 'muy bueno / oso ona', 775),
(5848, '2021-01-21', '05:00', 0.3, 1, 4, NULL, 6, 7.67, NULL, 5.75, NULL, 3, NULL, 'muy bueno / oso ona', 775),
(5849, '2021-01-21', '04:00', 0.26, 1, 2, NULL, 4, 7.83, NULL, 5.88, NULL, 3, NULL, 'muy bueno / oso ona', 775),
(5850, '2021-01-21', '03:00', 0.26, 1, 2, NULL, 4, 7.88, NULL, 5.96, NULL, 3, NULL, 'muy bueno / oso ona', 775),
(5851, '2021-01-21', '02:00', 0.26, 1, 2, NULL, 4, 7.83, NULL, 6.04, NULL, 4, NULL, 'muy bueno / oso ona', 775),
(5852, '2021-01-21', '01:00', 0.26, 1, 2, NULL, 4, 7.71, NULL, 6.17, NULL, 3, NULL, 'muy bueno / oso ona', 775);

-- --------------------------------------------------------

--
-- Table structure for table `informes`
--

CREATE TABLE `informes` (
  `Id` int(11) NOT NULL,
  `Formato` varchar(1000) DEFAULT NULL,
  `Estacion` int(11) NOT NULL,
  `Url` varchar(500) NOT NULL
) ENGINE=InnoDB DEFAULT CHARSET=utf8mb4;

--
-- Dumping data for table `informes`
--

INSERT INTO `informes` (`Id`, `Formato`, `Estacion`, `Url`) VALUES
(657, 'JSON', 396, 'https://opendata.euskadi.eus/contenidos/ds_informes_estudios/calidad_aire_2021/es_def/adjuntos/datos_horarios/ABANTO.json'),
(658, 'JSON', 396, 'https://opendata.euskadi.eus/contenidos/ds_informes_estudios/calidad_aire_2021/es_def/adjuntos/datos_diarios/ABANTO.json'),
(659, 'JSON', 396, 'https://opendata.euskadi.eus/contenidos/ds_informes_estudios/calidad_aire_2021/es_def/adjuntos/datos_indice/ABANTO.json'),
(660, 'JSON', 398, 'https://opendata.euskadi.eus/contenidos/ds_informes_estudios/calidad_aire_2021/es_def/adjuntos/datos_horarios/ALONSOTEGI.json'),
(661, 'JSON', 398, 'https://opendata.euskadi.eus/contenidos/ds_informes_estudios/calidad_aire_2021/es_def/adjuntos/datos_diarios/ALONSOTEGI.json'),
(662, 'JSON', 398, 'https://opendata.euskadi.eus/contenidos/ds_informes_estudios/calidad_aire_2021/es_def/adjuntos/datos_indice/ALONSOTEGI.json'),
(663, 'JSON', 399, 'https://opendata.euskadi.eus/contenidos/ds_informes_estudios/calidad_aire_2021/es_def/adjuntos/datos_horarios/ANDOAIN.json'),
(664, 'JSON', 399, 'https://opendata.euskadi.eus/contenidos/ds_informes_estudios/calidad_aire_2021/es_def/adjuntos/datos_diarios/ANDOAIN.json'),
(665, 'JSON', 399, 'https://opendata.euskadi.eus/contenidos/ds_informes_estudios/calidad_aire_2021/es_def/adjuntos/datos_indice/ANDOAIN.json'),
(666, 'JSON', 401, 'https://opendata.euskadi.eus/contenidos/ds_informes_estudios/calidad_aire_2021/es_def/adjuntos/datos_horarios/ATEGORRIETA.json'),
(667, 'JSON', 401, 'https://opendata.euskadi.eus/contenidos/ds_informes_estudios/calidad_aire_2021/es_def/adjuntos/datos_diarios/ATEGORRIETA.json'),
(668, 'JSON', 401, 'https://opendata.euskadi.eus/contenidos/ds_informes_estudios/calidad_aire_2021/es_def/adjuntos/datos_indice/ATEGORRIETA.json'),
(669, 'JSON', 404, 'https://opendata.euskadi.eus/contenidos/ds_informes_estudios/calidad_aire_2021/es_def/adjuntos/datos_horarios/AZPEITIA.json'),
(670, 'JSON', 404, 'https://opendata.euskadi.eus/contenidos/ds_informes_estudios/calidad_aire_2021/es_def/adjuntos/datos_diarios/AZPEITIA.json'),
(671, 'JSON', 404, 'https://opendata.euskadi.eus/contenidos/ds_informes_estudios/calidad_aire_2021/es_def/adjuntos/datos_indice/AZPEITIA.json'),
(672, 'JSON', 405, 'https://opendata.euskadi.eus/contenidos/ds_informes_estudios/calidad_aire_2021/es_def/adjuntos/datos_horarios/ANORGA.json'),
(673, 'JSON', 405, 'https://opendata.euskadi.eus/contenidos/ds_informes_estudios/calidad_aire_2021/es_def/adjuntos/datos_diarios/ANORGA.json'),
(674, 'JSON', 405, 'https://opendata.euskadi.eus/contenidos/ds_informes_estudios/calidad_aire_2021/es_def/adjuntos/datos_indice/ANORGA.json'),
(675, 'JSON', 407, 'https://opendata.euskadi.eus/contenidos/ds_informes_estudios/calidad_aire_2021/es_def/adjuntos/datos_horarios/BARAKALDO.json'),
(676, 'JSON', 407, 'https://opendata.euskadi.eus/contenidos/ds_informes_estudios/calidad_aire_2021/es_def/adjuntos/datos_diarios/BARAKALDO.json'),
(677, 'JSON', 407, 'https://opendata.euskadi.eus/contenidos/ds_informes_estudios/calidad_aire_2021/es_def/adjuntos/datos_indice/BARAKALDO.json'),
(678, 'JSON', 408, 'https://opendata.euskadi.eus/contenidos/ds_informes_estudios/calidad_aire_2021/es_def/adjuntos/datos_horarios/BASAURI.json'),
(679, 'JSON', 408, 'https://opendata.euskadi.eus/contenidos/ds_informes_estudios/calidad_aire_2021/es_def/adjuntos/datos_diarios/BASAURI.json'),
(680, 'JSON', 408, 'https://opendata.euskadi.eus/contenidos/ds_informes_estudios/calidad_aire_2021/es_def/adjuntos/datos_indice/BASAURI.json'),
(681, 'JSON', 409, 'https://opendata.euskadi.eus/contenidos/ds_informes_estudios/calidad_aire_2021/es_def/adjuntos/datos_horarios/BEASAIN.json'),
(682, 'JSON', 409, 'https://opendata.euskadi.eus/contenidos/ds_informes_estudios/calidad_aire_2021/es_def/adjuntos/datos_diarios/BEASAIN.json'),
(683, 'JSON', 409, 'https://opendata.euskadi.eus/contenidos/ds_informes_estudios/calidad_aire_2021/es_def/adjuntos/datos_indice/BEASAIN.json'),
(684, 'JSON', 411, 'https://opendata.euskadi.eus/contenidos/ds_informes_estudios/calidad_aire_2021/es_def/adjuntos/datos_horarios/CASTREJANA.json'),
(685, 'JSON', 411, 'https://opendata.euskadi.eus/contenidos/ds_informes_estudios/calidad_aire_2021/es_def/adjuntos/datos_diarios/CASTREJANA.json'),
(686, 'JSON', 411, 'https://opendata.euskadi.eus/contenidos/ds_informes_estudios/calidad_aire_2021/es_def/adjuntos/datos_indice/CASTREJANA.json'),
(687, 'JSON', 412, 'https://opendata.euskadi.eus/contenidos/ds_informes_estudios/calidad_aire_2021/es_def/adjuntos/datos_horarios/DURANGO.json'),
(688, 'JSON', 412, 'https://opendata.euskadi.eus/contenidos/ds_informes_estudios/calidad_aire_2021/es_def/adjuntos/datos_diarios/DURANGO.json'),
(689, 'JSON', 412, 'https://opendata.euskadi.eus/contenidos/ds_informes_estudios/calidad_aire_2021/es_def/adjuntos/datos_indice/DURANGO.json'),
(690, 'JSON', 413, 'https://opendata.euskadi.eus/contenidos/ds_informes_estudios/calidad_aire_2021/es_def/adjuntos/datos_horarios/EASO.json'),
(691, 'JSON', 413, 'https://opendata.euskadi.eus/contenidos/ds_informes_estudios/calidad_aire_2021/es_def/adjuntos/datos_diarios/EASO.json'),
(692, 'JSON', 413, 'https://opendata.euskadi.eus/contenidos/ds_informes_estudios/calidad_aire_2021/es_def/adjuntos/datos_indice/EASO.json'),
(693, 'JSON', 414, 'https://opendata.euskadi.eus/contenidos/ds_informes_estudios/calidad_aire_2021/es_def/adjuntos/datos_horarios/ELCIEGO.json'),
(694, 'JSON', 414, 'https://opendata.euskadi.eus/contenidos/ds_informes_estudios/calidad_aire_2021/es_def/adjuntos/datos_diarios/ELCIEGO.json'),
(695, 'JSON', 414, 'https://opendata.euskadi.eus/contenidos/ds_informes_estudios/calidad_aire_2021/es_def/adjuntos/datos_indice/ELCIEGO.json'),
(696, 'JSON', 415, 'https://opendata.euskadi.eus/contenidos/ds_informes_estudios/calidad_aire_2021/es_def/adjuntos/datos_horarios/ERANDIO.json'),
(697, 'JSON', 415, 'https://opendata.euskadi.eus/contenidos/ds_informes_estudios/calidad_aire_2021/es_def/adjuntos/datos_diarios/ERANDIO.json'),
(698, 'JSON', 415, 'https://opendata.euskadi.eus/contenidos/ds_informes_estudios/calidad_aire_2021/es_def/adjuntos/datos_indice/ERANDIO.json'),
(699, 'JSON', 416, 'https://opendata.euskadi.eus/contenidos/ds_informes_estudios/calidad_aire_2021/es_def/adjuntos/datos_horarios/EUROPA.json'),
(700, 'JSON', 416, 'https://opendata.euskadi.eus/contenidos/ds_informes_estudios/calidad_aire_2021/es_def/adjuntos/datos_diarios/EUROPA.json'),
(701, 'JSON', 416, 'https://opendata.euskadi.eus/contenidos/ds_informes_estudios/calidad_aire_2021/es_def/adjuntos/datos_indice/EUROPA.json'),
(702, 'JSON', 417, 'https://opendata.euskadi.eus/contenidos/ds_informes_estudios/calidad_aire_2021/es_def/adjuntos/datos_horarios/FARMACIA.json'),
(703, 'JSON', 417, 'https://opendata.euskadi.eus/contenidos/ds_informes_estudios/calidad_aire_2021/es_def/adjuntos/datos_diarios/FARMACIA.json'),
(704, 'JSON', 417, 'https://opendata.euskadi.eus/contenidos/ds_informes_estudios/calidad_aire_2021/es_def/adjuntos/datos_indice/FARMACIA.json'),
(705, 'JSON', 419, 'https://opendata.euskadi.eus/contenidos/ds_informes_estudios/calidad_aire_2021/es_def/adjuntos/datos_horarios/HERNANI.json'),
(706, 'JSON', 419, 'https://opendata.euskadi.eus/contenidos/ds_informes_estudios/calidad_aire_2021/es_def/adjuntos/datos_diarios/HERNANI.json'),
(707, 'JSON', 419, 'https://opendata.euskadi.eus/contenidos/ds_informes_estudios/calidad_aire_2021/es_def/adjuntos/datos_indice/HERNANI.json'),
(708, 'JSON', 420, 'https://opendata.euskadi.eus/contenidos/ds_informes_estudios/calidad_aire_2021/es_def/adjuntos/datos_horarios/JAIZKIBEL.json'),
(709, 'JSON', 420, 'https://opendata.euskadi.eus/contenidos/ds_informes_estudios/calidad_aire_2021/es_def/adjuntos/datos_diarios/JAIZKIBEL.json'),
(710, 'JSON', 420, 'https://opendata.euskadi.eus/contenidos/ds_informes_estudios/calidad_aire_2021/es_def/adjuntos/datos_indice/JAIZKIBEL.json'),
(711, 'JSON', 421, 'https://opendata.euskadi.eus/contenidos/ds_informes_estudios/calidad_aire_2021/es_def/adjuntos/datos_horarios/LARRABETZU.json'),
(712, 'JSON', 421, 'https://opendata.euskadi.eus/contenidos/ds_informes_estudios/calidad_aire_2021/es_def/adjuntos/datos_diarios/LARRABETZU.json'),
(713, 'JSON', 421, 'https://opendata.euskadi.eus/contenidos/ds_informes_estudios/calidad_aire_2021/es_def/adjuntos/datos_indice/LARRABETZU.json'),
(714, 'JSON', 423, 'https://opendata.euskadi.eus/contenidos/ds_informes_estudios/calidad_aire_2021/es_def/adjuntos/datos_horarios/LASARTE-ORIA.json'),
(715, 'JSON', 423, 'https://opendata.euskadi.eus/contenidos/ds_informes_estudios/calidad_aire_2021/es_def/adjuntos/datos_diarios/LASARTE-ORIA.json'),
(716, 'JSON', 423, 'https://opendata.euskadi.eus/contenidos/ds_informes_estudios/calidad_aire_2021/es_def/adjuntos/datos_indice/LASARTE-ORIA.json'),
(717, 'JSON', 424, 'https://opendata.euskadi.eus/contenidos/ds_informes_estudios/calidad_aire_2021/es_def/adjuntos/datos_horarios/LEZO.json'),
(718, 'JSON', 424, 'https://opendata.euskadi.eus/contenidos/ds_informes_estudios/calidad_aire_2021/es_def/adjuntos/datos_diarios/LEZO.json'),
(719, 'JSON', 424, 'https://opendata.euskadi.eus/contenidos/ds_informes_estudios/calidad_aire_2021/es_def/adjuntos/datos_indice/LEZO.json'),
(720, 'JSON', 426, 'https://opendata.euskadi.eus/contenidos/ds_informes_estudios/calidad_aire_2021/es_def/adjuntos/datos_horarios/MAZARREDO.json'),
(721, 'JSON', 426, 'https://opendata.euskadi.eus/contenidos/ds_informes_estudios/calidad_aire_2021/es_def/adjuntos/datos_diarios/MAZARREDO.json'),
(722, 'JSON', 426, 'https://opendata.euskadi.eus/contenidos/ds_informes_estudios/calidad_aire_2021/es_def/adjuntos/datos_indice/MAZARREDO.json'),
(723, 'JSON', 427, 'https://opendata.euskadi.eus/contenidos/ds_informes_estudios/calidad_aire_2021/es_def/adjuntos/datos_horarios/MONDRAGON.json'),
(724, 'JSON', 427, 'https://opendata.euskadi.eus/contenidos/ds_informes_estudios/calidad_aire_2021/es_def/adjuntos/datos_diarios/MONDRAGON.json'),
(725, 'JSON', 427, 'https://opendata.euskadi.eus/contenidos/ds_informes_estudios/calidad_aire_2021/es_def/adjuntos/datos_indice/MONDRAGON.json'),
(726, 'JSON', 428, 'https://opendata.euskadi.eus/contenidos/ds_informes_estudios/calidad_aire_2021/es_def/adjuntos/datos_horarios/MONTORRA.json'),
(727, 'JSON', 428, 'https://opendata.euskadi.eus/contenidos/ds_informes_estudios/calidad_aire_2021/es_def/adjuntos/datos_diarios/MONTORRA.json'),
(728, 'JSON', 428, 'https://opendata.euskadi.eus/contenidos/ds_informes_estudios/calidad_aire_2021/es_def/adjuntos/datos_indice/MONTORRA.json'),
(729, 'JSON', 429, 'https://opendata.euskadi.eus/contenidos/ds_informes_estudios/calidad_aire_2021/es_def/adjuntos/datos_horarios/MUNDAKA.json'),
(730, 'JSON', 429, 'https://opendata.euskadi.eus/contenidos/ds_informes_estudios/calidad_aire_2021/es_def/adjuntos/datos_diarios/MUNDAKA.json'),
(731, 'JSON', 429, 'https://opendata.euskadi.eus/contenidos/ds_informes_estudios/calidad_aire_2021/es_def/adjuntos/datos_indice/MUNDAKA.json'),
(732, 'JSON', 430, 'https://opendata.euskadi.eus/contenidos/ds_informes_estudios/calidad_aire_2021/es_def/adjuntos/datos_horarios/MUNOA.json'),
(733, 'JSON', 430, 'https://opendata.euskadi.eus/contenidos/ds_informes_estudios/calidad_aire_2021/es_def/adjuntos/datos_diarios/MUNOA.json'),
(734, 'JSON', 430, 'https://opendata.euskadi.eus/contenidos/ds_informes_estudios/calidad_aire_2021/es_def/adjuntos/datos_indice/MUNOA.json'),
(735, 'JSON', 431, 'https://opendata.euskadi.eus/contenidos/ds_informes_estudios/calidad_aire_2021/es_def/adjuntos/datos_horarios/MUSKIZ.json'),
(736, 'JSON', 431, 'https://opendata.euskadi.eus/contenidos/ds_informes_estudios/calidad_aire_2021/es_def/adjuntos/datos_diarios/MUSKIZ.json'),
(737, 'JSON', 431, 'https://opendata.euskadi.eus/contenidos/ds_informes_estudios/calidad_aire_2021/es_def/adjuntos/datos_indice/MUSKIZ.json'),
(738, 'JSON', 433, 'https://opendata.euskadi.eus/contenidos/ds_informes_estudios/calidad_aire_2021/es_def/adjuntos/datos_horarios/NAUTICA.json'),
(739, 'JSON', 433, 'https://opendata.euskadi.eus/contenidos/ds_informes_estudios/calidad_aire_2021/es_def/adjuntos/datos_indice/NAUTICA.json'),
(740, 'JSON', 434, 'https://opendata.euskadi.eus/contenidos/ds_informes_estudios/calidad_aire_2021/es_def/adjuntos/datos_horarios/PAGOETA.json'),
(741, 'JSON', 434, 'https://opendata.euskadi.eus/contenidos/ds_informes_estudios/calidad_aire_2021/es_def/adjuntos/datos_diarios/PAGOETA.json'),
(742, 'JSON', 434, 'https://opendata.euskadi.eus/contenidos/ds_informes_estudios/calidad_aire_2021/es_def/adjuntos/datos_indice/PAGOETA.json'),
(743, 'JSON', 435, 'https://opendata.euskadi.eus/contenidos/ds_informes_estudios/calidad_aire_2021/es_def/adjuntos/datos_horarios/PUYO.json'),
(744, 'JSON', 435, 'https://opendata.euskadi.eus/contenidos/ds_informes_estudios/calidad_aire_2021/es_def/adjuntos/datos_diarios/PUYO.json'),
(745, 'JSON', 435, 'https://opendata.euskadi.eus/contenidos/ds_informes_estudios/calidad_aire_2021/es_def/adjuntos/datos_indice/PUYO.json'),
(746, 'JSON', 438, 'https://opendata.euskadi.eus/contenidos/ds_informes_estudios/calidad_aire_2021/es_def/adjuntos/datos_horarios/SANGRONIZ.json'),
(747, 'JSON', 438, 'https://opendata.euskadi.eus/contenidos/ds_informes_estudios/calidad_aire_2021/es_def/adjuntos/datos_diarios/SANGRONIZ.json'),
(748, 'JSON', 438, 'https://opendata.euskadi.eus/contenidos/ds_informes_estudios/calidad_aire_2021/es_def/adjuntos/datos_indice/SANGRONIZ.json'),
(749, 'JSON', 439, 'https://opendata.euskadi.eus/contenidos/ds_informes_estudios/calidad_aire_2021/es_def/adjuntos/datos_horarios/SANTURCE.json'),
(750, 'JSON', 439, 'https://opendata.euskadi.eus/contenidos/ds_informes_estudios/calidad_aire_2021/es_def/adjuntos/datos_diarios/SANTURCE.json'),
(751, 'JSON', 439, 'https://opendata.euskadi.eus/contenidos/ds_informes_estudios/calidad_aire_2021/es_def/adjuntos/datos_indice/SANTURCE.json'),
(752, 'JSON', 440, 'https://opendata.euskadi.eus/contenidos/ds_informes_estudios/calidad_aire_2021/es_def/adjuntos/datos_horarios/SERANTES.json'),
(753, 'JSON', 440, 'https://opendata.euskadi.eus/contenidos/ds_informes_estudios/calidad_aire_2021/es_def/adjuntos/datos_diarios/SERANTES.json'),
(754, 'JSON', 440, 'https://opendata.euskadi.eus/contenidos/ds_informes_estudios/calidad_aire_2021/es_def/adjuntos/datos_indice/SERANTES.json'),
(755, 'JSON', 441, 'https://opendata.euskadi.eus/contenidos/ds_informes_estudios/calidad_aire_2021/es_def/adjuntos/datos_horarios/SESTAO.json'),
(756, 'JSON', 441, 'https://opendata.euskadi.eus/contenidos/ds_informes_estudios/calidad_aire_2021/es_def/adjuntos/datos_diarios/SESTAO.json'),
(757, 'JSON', 441, 'https://opendata.euskadi.eus/contenidos/ds_informes_estudios/calidad_aire_2021/es_def/adjuntos/datos_indice/SESTAO.json'),
(758, 'JSON', 442, 'https://opendata.euskadi.eus/contenidos/ds_informes_estudios/calidad_aire_2021/es_def/adjuntos/datos_horarios/TOLOSA.json'),
(759, 'JSON', 442, 'https://opendata.euskadi.eus/contenidos/ds_informes_estudios/calidad_aire_2021/es_def/adjuntos/datos_diarios/TOLOSA.json'),
(760, 'JSON', 442, 'https://opendata.euskadi.eus/contenidos/ds_informes_estudios/calidad_aire_2021/es_def/adjuntos/datos_indice/TOLOSA.json'),
(761, 'JSON', 443, 'https://opendata.euskadi.eus/contenidos/ds_informes_estudios/calidad_aire_2021/es_def/adjuntos/datos_horarios/URKIOLA.json'),
(762, 'JSON', 443, 'https://opendata.euskadi.eus/contenidos/ds_informes_estudios/calidad_aire_2021/es_def/adjuntos/datos_diarios/URKIOLA.json'),
(763, 'JSON', 443, 'https://opendata.euskadi.eus/contenidos/ds_informes_estudios/calidad_aire_2021/es_def/adjuntos/datos_indice/URKIOLA.json'),
(764, 'JSON', 444, 'https://opendata.euskadi.eus/contenidos/ds_informes_estudios/calidad_aire_2021/es_def/adjuntos/datos_horarios/USURBIL.json'),
(765, 'JSON', 444, 'https://opendata.euskadi.eus/contenidos/ds_informes_estudios/calidad_aire_2021/es_def/adjuntos/datos_diarios/USURBIL.json'),
(766, 'JSON', 444, 'https://opendata.euskadi.eus/contenidos/ds_informes_estudios/calidad_aire_2021/es_def/adjuntos/datos_indice/USURBIL.json'),
(767, 'JSON', 445, 'https://opendata.euskadi.eus/contenidos/ds_informes_estudios/calidad_aire_2021/es_def/adjuntos/datos_horarios/ZALLA.json'),
(768, 'JSON', 445, 'https://opendata.euskadi.eus/contenidos/ds_informes_estudios/calidad_aire_2021/es_def/adjuntos/datos_diarios/ZALLA.json'),
(769, 'JSON', 445, 'https://opendata.euskadi.eus/contenidos/ds_informes_estudios/calidad_aire_2021/es_def/adjuntos/datos_indice/ZALLA.json'),
(770, 'JSON', 448, 'https://opendata.euskadi.eus/contenidos/ds_informes_estudios/calidad_aire_2021/es_def/adjuntos/datos_horarios/ZUBIETA.json'),
(771, 'JSON', 448, 'https://opendata.euskadi.eus/contenidos/ds_informes_estudios/calidad_aire_2021/es_def/adjuntos/datos_diarios/ZUBIETA.json'),
(772, 'JSON', 448, 'https://opendata.euskadi.eus/contenidos/ds_informes_estudios/calidad_aire_2021/es_def/adjuntos/datos_indice/ZUBIETA.json'),
(773, 'JSON', 450, 'https://opendata.euskadi.eus/contenidos/ds_informes_estudios/calidad_aire_2021/es_def/adjuntos/datos_horarios/ZUMARRAGA.json'),
(774, 'JSON', 450, 'https://opendata.euskadi.eus/contenidos/ds_informes_estudios/calidad_aire_2021/es_def/adjuntos/datos_diarios/ZUMARRAGA.json'),
(775, 'JSON', 450, 'https://opendata.euskadi.eus/contenidos/ds_informes_estudios/calidad_aire_2021/es_def/adjuntos/datos_indice/ZUMARRAGA.json');

-- --------------------------------------------------------

--
-- Table structure for table `municipios`
--

CREATE TABLE `municipios` (
  `Id` int(11) NOT NULL,
  `Nombre` varchar(100) NOT NULL,
  `Provincia` int(11) NOT NULL,
  `Descripcion` varchar(1000) DEFAULT NULL,
  `Latitud` double DEFAULT NULL,
  `Longitud` double DEFAULT NULL,
  `Codigo` varchar(270) DEFAULT NULL
) ENGINE=InnoDB DEFAULT CHARSET=utf8mb4;

--
-- Dumping data for table `municipios`
--

INSERT INTO `municipios` (`Id`, `Nombre`, `Provincia`, `Descripcion`, `Latitud`, `Longitud`, `Codigo`) VALUES
(3040, 'abadiño', 331, 'montes y árboles tiñen de verde los parajes de esta localidad perteneciente a la co...', NULL, NULL, '001 001 001 001 001 001 001'),
(3041, 'abaltzisketa', 332, 'emplazado en un lugar inmejorable, en las estribaciones de la sierra de aralar y bajo las faldas ...', 43.0475822, -2.1053881, '1'),
(3042, 'abanto y ciérvana-abanto zierbena', 331, 'esta pequeña localidad de bizkaia disfruta de un enclave natural único, a tan solo ...', NULL, NULL, '002 002 002 002 002 002 002 002 002 002 002 002 002 002 002 002 002 002'),
(3043, 'aduna', 332, 'el verde es el color predominante en los alrededores de este pequeño municipio de gipuzkoa...', 43.2037922, -2.0500787, '2'),
(3044, 'aia', 332, 'el entorno natural de esta pequeña localidad rural es espectacular y el parque natural de ...', NULL, NULL, '016 016 016 016 016 016 016 016 016 016 016 016'),
(3045, 'aizarnazabal', 332, 'nos adentramos en la localidad guipuzcoana de aizarnazabal, un bello paraje situado en la comarca...', NULL, NULL, '003 003 003 003 003'),
(3046, 'ajangiz', 331, 'dentro de la comarca de busturialdea, ajangiz, forma parte de la reserva de la biosfera de urdaib...', NULL, NULL, '911 911'),
(3047, 'albiztur', 332, 'nada más llegar a esta localidad de la comarca de tolosaldea, nos toparemos con múl...', 43.1297228, -2.1371801, '4'),
(3048, 'alegia', 332, 'rodeada de laderas de fuertes pendientes ocupadas por bosques y prados, alcanzamos el municipio g...', NULL, NULL, '005 005 005'),
(3049, 'alegría-dulantzi', 333, 'dos poblaciones se unen formando este municipio con gran patrimonio histórico. lo marcan t...', NULL, NULL, '001 001'),
(3050, 'alkiza', 332, 'alkiza es un acogedor municipio del territorio histórico de gipuzkoa y está emplaza...', 43.1724342, -2.1094362, '6'),
(3051, 'alonsotegi', 331, 'en el pasillo que forma el río cadagua entre los montes sasiburu, ganekogorta y pagasarri ...', NULL, NULL, '912 912 912'),
(3052, 'altzaga', 332, 'esta localidad rural del territorio histórico de gipuzkoa se halla en la comarca del goier...', 43.06449, -2.153833, '906'),
(3053, 'altzo', 332, 'el gigante de altzo, fue el hombre que hizo conocido este pequeño pueblo guipuzcoano. much...', 43.1000723, -2.0839046, '7'),
(3054, 'amezketa', 332, 'en las estribaciones de la sierra de aralar y bajo el monte txindoki se encuentra este peque&ntil...', NULL, NULL, '008 008 008'),
(3055, 'amorebieta-etxano', 331, 'convertida en ciudad de paso, amorebieta-etxano se sitúa en una ubicación inmejorab...', NULL, NULL, '003 003 003 003 003 003 003 003 003'),
(3056, 'amoroto', 331, 'amoroto, pueblo pequeño pero popular gracias a un programa de televisión en el que ...', NULL, NULL, '004 004 004 004'),
(3057, 'amurrio', 333, 'amurrio se halla al noroeste del territorio histórico de álava, dentro de la cuadri...', NULL, NULL, '002 002 002 002 002 002 002 002 002 002'),
(3058, 'andoain', 332, 'rodeado de bellos y verdes montes nos sumergimos en el municipio de andoain, localidad pertenecie...', NULL, NULL, '009 009 009 009 009'),
(3059, 'anoeta', 332, 'separado por el río oria de su vecina irura, y cerca de los montes gazume y ernio, se encu...', 43.1614674, -2.0706951, '10'),
(3060, 'antzuola', 332, 'perteneciente a la comarca de debagoiena, en las faldas del puerto de descarga, nos topamos con u...', 43.0994407, -2.3817472, '11'),
(3061, 'arakaldo', 331, 'la anteiglesia y municipio de menor población de toda bizkaia, arakaldo, se encuentra situ...', 43.152904, -2.940295, '5'),
(3062, 'arama', 332, 'con apenas 190 habitantes y 1,3 km² de superficie, arama es el municipio más peque&nt...', 43.0636373, -2.1655576, '12'),
(3063, 'aramaio', 333, 'además de contar con un entorno natural extraordinario, rodeado por montes y praderas, en ...', NULL, NULL, '003 003 003 003 003 003 003 003 003'),
(3064, 'arantzazu', 331, 'en esta anteiglesia de la comarca de arratia-nervión, residía en el siglo xiv y ten...', NULL, NULL, '006 006 006'),
(3065, 'areatza', 331, 'en el precioso valle de arratia, y arropado por la montaña más alta de bizkaia (gor...', NULL, NULL, '093 093 093'),
(3066, 'aretxabaleta', 332, 'a orillas del río deba y cerca de las fronteras con bizkaia y gipuzkoa, se sitúa ar...', NULL, NULL, '013 013 013 013 013 013 013 013 013 013'),
(3067, 'armiñón', 333, 'a orillas del río zadorra y dentro de la cuadrilla de añana nos encontramos con est...', NULL, NULL, '006 006 006'),
(3068, 'arraia-maeztu', 333, 'arraia-maeztu es, junto con el de bernedo, el más extenso de la comarca de la monta&n...', NULL, NULL, '037 037 037 037 037 037 037 037 037 037 037 037 037 037 037 037'),
(3069, 'arrankudiaga', 331, 'después de un largo recorrido, el río nervión discurre por este municipio, c...', NULL, NULL, '009 009 009 009 009'),
(3070, 'arrasate/mondragón', 332, 'arrasate/mondragón, municipio con paisajes montañosos y por el que discurre el r&ia...', NULL, NULL, '055 055 055 055 055 055'),
(3071, 'arratzu', 331, 'adentrándonos en la espectacular reserva de la biosfera, llegamos a arratzu, un peque&ntil...', NULL, NULL, '914 914'),
(3072, 'arrazua-ubarrundia', 333, 'gran parte del terreno de esta localidad alavesa, está emplazado a orillas del embals...', NULL, NULL, '008 008 008 008 008 008 008 008 008 008 008'),
(3073, 'arrieta', 331, 'a las faldas del monte sollube se ubica este municipio vizcaíno que forma parte de la coma...', NULL, NULL, '010 010 010 010'),
(3074, 'arrigorriaga', 331, 'con un terreno ondulado y un relieve abrupto por el que discurre el río nervión, no...', NULL, NULL, '011 011 011 011'),
(3075, 'artea', 331, 'situado en el corazón del valle de arratia, artea se enclava en las estribaciones del parq...', NULL, NULL, '023 023 023 023 023 023'),
(3076, 'artzentales', 331, 'el entorno de este municipio de las encartaciones ofrece al visitante muchas oportunidades para d...', NULL, NULL, '008 008 008 008 008'),
(3077, 'artziniega', 333, 'al abrigo de diversos montes, artziniega es un lugar tranquilo y acogedor, una villa que ha sabid...', NULL, NULL, '004 004 004 004 004 004 004'),
(3078, 'asparrena', 333, 'con varios tesoros naturales y momumentos merecedores de una visita, asparrena, es parte de la cu...', NULL, NULL, '009 009 009 009 009 009 009 009 009 009'),
(3079, 'asteasu', 332, 'situado en las faldas del monte ernio (1.075m), asteasu presenta un carácter abierto, por ...', NULL, NULL, '014 014 014 014 014 014'),
(3080, 'astigarraga', 332, 'el río de urumea rodea esta localidad. hablamos de astigarraga, cuna de la sidra, ubicada ...', 43.28066802127562, -1.947645730688464, '903'),
(3081, 'ataun', 332, 'situado en el valle del goierri, ataun es el pueblo más largo de gipuzkoa. sus montes, cue...', NULL, NULL, '015 015 015'),
(3082, 'atxondo', 331, 'formado por los antiguos municipios de apatamonasterio, arrazola y axpe, y muy cerca del parque n...', NULL, NULL, '091 091 091 091 091 091'),
(3083, 'aulesti', 331, 'hermosas ermitas destacan en este municipio vizcaíno, perteneciente a la comarca de lea-ar...', NULL, NULL, '070 070 070'),
(3084, 'ayala/aiara', 333, 'conocido por su espectacular valle, con sus suaves laderas cubiertas de pastizales y verdes bosqu...', NULL, NULL, '010 010 010 010 010 010 010 010 010 010 010 010 010 010 010 010 010 010 010 010 010 010 010 010'),
(3085, 'azkoitia', 332, 'nada más llegar a esta localidad guipuzcoana que se sitúa bajo la protección...', NULL, NULL, '017 017 017 017'),
(3086, 'azpeitia', 332, 'bajo el abrigo del macizo de izarraitz en la comarca de urola medio, se encuentra el municipio gu...', NULL, NULL, '018 018 018 018'),
(3087, 'añana', 333, 'conocida como el valle salado, quien se acerca por primera vez a añana queda extrañ...', NULL, NULL, '049 049'),
(3088, 'bakio', 331, 'bakio está situado en la costa del territorio histórico de bizkaia, dentro de la co...', NULL, NULL, '012 012 012 012 012 012'),
(3089, 'baliarrain', 332, 'en una de las laderas del monte altzagamendi, en las últimas estribaciones de la sierra de...', 43.069306, -2.1292347, '904'),
(3090, 'balmaseda', 331, 'con reminiscencias medievales y ferroviarias, balmaseda cuenta con un patrimonio cultural extenso...', NULL, NULL, '090 090 090'),
(3091, 'barakaldo', 331, 'barakaldo se encuentra dentro de la comarca del gran bilbao, en la margen izquierda de la r&iacut...', NULL, NULL, '013 013'),
(3092, 'barrika', 331, 'el litoral de barrika está protegido por diversos acantilados que forman un bello paisaje....', NULL, NULL, '014 014'),
(3093, 'barrundia', 333, 'este bello rincón alavés está formado por numerosos núcleos de poblac...', NULL, NULL, '013 013 013 013 013 013 013 013 013 013 013 013 013 013'),
(3094, 'basauri', 331, 'basauri se halla en el territorio histórico de bizkaia, más concretamente, en la co...', NULL, NULL, '015 015 015'),
(3095, 'baños de ebro/mañueta', 333, 'este bello municipio se halla al sur del territorio histórico de álava, a la vera d...', 42.53029, -2.679144, '11'),
(3096, 'beasain', 332, 'beasain, situada en el corazón del goierri, se encuentra en un paraje idílico, en m...', NULL, NULL, '019 019 019 019 019 019 019 019 019 019 019 019'),
(3097, 'bedia', 331, 'bedia se sitúa en un enclave natural destacado, en el valle del río ibaizabal, con ...', NULL, NULL, '092 092 092 092 092 092 092 092 092'),
(3098, 'beizama', 332, 'ubicada en el territorio histórico de gipuzkoa, beizama es una localidad de la comarca de ...', 43.1341913, -2.2001131, '20'),
(3099, 'belauntza', 332, 'en el territorio histórico de gipuzkoa, en una ladera pendiente se sitúa esta local...', 43.1352829, -2.0507054, '21'),
(3100, 'berango', 331, 'berango presume de una ubicación inmejorable, con una buena comunicación con bilbao...', NULL, NULL, '016 016'),
(3101, 'berantevilla', 333, 'este municipio alavés presume de ser declarado conjunto monumental, gracias a sus reliquia...', NULL, NULL, '014 014 014 014 014 014 014 014'),
(3102, 'berastegi', 332, 'situada en una llanura, berastegi se encuentra en el límite con navarra. su término...', NULL, NULL, '022 022'),
(3103, 'bergara', 332, 'rodeada de verdes montañas, bergara es una ciudad de la comarca debagoiena, eminentemente ...', NULL, NULL, '074 074 074 074 074 074 074'),
(3104, 'bermeo', 331, 'bermeo se encuentra en la costa de bizkaia, dentro de la comarca de busturialdea. constituye uno ...', NULL, NULL, '017 017 017 017 017 017 017 017 017 017'),
(3105, 'bernedo', 333, 'bernedo se sitúa entre los montes de vitoria y la sierra de toloño, enclaves que le...', NULL, NULL, '016 016 016 016 016 016 016 016 016 016 016 016 016'),
(3106, 'berriatua', 331, 'berriatua está situado en el territorio histórico de bizkaia, dentro de la comarca ...', NULL, NULL, '018 018 018 018'),
(3107, 'berriz', 331, 'esta anteiglesia vizcaína perteneciente a la comarca del duranguesado, tiene la suerte de ...', NULL, NULL, '019 019 019 019 019 019 019'),
(3108, 'berrobi', 332, 'nada más llegar a berrobi, a las laderas del monte uzturre, quedaremos cautivados por el c...', 43.1454785, -2.0263738, '23'),
(3109, 'bidegoian', 332, 'bidegoian, que se constituyó tras la unión de dos pequeños pueblos, bidania ...', NULL, NULL, '024 024'),
(3110, 'bilbao', 331, 'bilbao es entre las ciudades vascas la más cosmopolita, poblada e inquieta. se trata de un...', 43.256961046580166, -2.923446364418055, '20'),
(3111, 'busturia', 331, 'busturia es el municipio que da nombre a la comarca costera de busturialdea. se sitúa en u...', NULL, NULL, '021 021'),
(3112, 'campezo/kanpezu', 333, 'rodeado de un entorno natural indescriptible, este municipio nos ofrece infinidad de planes, y to...', NULL, NULL, '017 017 017 017 017'),
(3113, 'deba', 332, 'deba se encuentra en el extremo occidental de la costa de gipuzkoa, en la comarca de debabarrena,...', NULL, NULL, '029 029 029'),
(3114, 'derio', 331, 'derio está situado en el territorio histórico de bizkaia, a 10 kilómetros de...', NULL, NULL, '901 901 901 901 901 901'),
(3115, 'dima', 331, 'esta localidad se sitúa en el perfecto lugar de acceso a dos de los parques naturales m&aa...', NULL, NULL, '026 026 026 026 026 026 026 026 026'),
(3116, 'durango', 331, 'durango es un bello municipio del duranguesado, atravesado por el río ibaizabal. se sit&ua...', 43.169068, -2.632655, '27'),
(3117, 'ea', 331, 'el pequeño y acogedor municipio de ea está situado en la comarca de busturialdea. s...', NULL, NULL, '028 028 028'),
(3118, 'eibar', 332, 'eibar, situada a las orillas del río ego, es una ciudad industrial y de intensa actividad ...', NULL, NULL, '030 030 030 030'),
(3119, 'elantxobe', 331, 'municipio costero del territorio histórico de bizkaia, elantxobe se abriga en el cabo ogo&...', 43.403422, -2.6398, '31'),
(3120, 'elburgo/burgelu', 333, 'el bello enclave de elburgo/burgelu, pertenenciente a la cuadrilla de salvatierra, se compone por...', NULL, NULL, '021 021 021 021 021 021'),
(3121, 'elciego', 333, 'el ciego se sitúa al sur de la rioja alavesa, en el territorio histórico ...', 42.515072, -2.618277, '22'),
(3122, 'elduain', 332, 'en la localidad de elduain, rodeada por montes como urdelar y aitzgorri y atravesada por el r&iac...', 43.140712, -2.0004883, '31'),
(3123, 'elgeta', 332, 'asomándose por el oeste del territorio histórico de gipuzkoa, elgeta se encuentra e...', 43.1365716, -2.4873921, '33'),
(3124, 'elgoibar', 332, 'el río deba atraviesa elgoibar formando a su paso pequeños arroyos como el de azkar...', NULL, NULL, '032 032 032 032 032 032'),
(3125, 'elorrio', 331, 'dentro de la comarca del duranguesado, lindando con gipuzkoa y álava descubrimos elorrio. ...', NULL, NULL, '032 032 032 032 032 032 032 032 032 032'),
(3126, 'elvillar/bilar', 333, 'elvillar/bilar es un pequeño municipio situado a unos 585 metros de altitud al sur de...', 42.570497, -2.544915, '23'),
(3127, 'erandio', 331, 'con una ubicación estratégica, a las orillas de la ría y entre los montes sa...', NULL, NULL, '902 902 902 902 902 902 902'),
(3128, 'ereño', 331, 'esta anteiglesia de la merindad de busturia, es un municipio de configuración monta&ntilde...', NULL, NULL, '033 033 033 033'),
(3129, 'ermua', 331, 'ermua se sitúa en el extremo oriental de la comarca vizcaína del duranguesado y lin...', 43.1866423, -2.5026072, '34'),
(3130, 'errenteria', 332, 'la localidad guipuzcoana de errenteria, con un pasado industrial, cuenta con el casco hist&oacute...', 43.312752, -1.899633, '67'),
(3131, 'errezil', 332, 'el monte ernio actúa como punto de referencia y atracción de esta zona. el valle en...', NULL, NULL, '066 066 066 066 066 066 066'),
(3132, 'errigoiti', 331, 'en un enclave eminentemente rural, este municipio vizcaíno, cuenta con un amplio abanico d...', NULL, NULL, '079 079 079 079'),
(3133, 'eskoriatza', 332, 'enclavado en el valle de leniz, eskoriatza es un pequeño municipio del alto deba que ofrec...', NULL, NULL, '034 034 034 034 034 034 034 034'),
(3134, 'etxebarri', 331, 'a las faldas de la sierra ganguren(474 m.) y muy próxima a la capital vizcaína, se ...', NULL, NULL, '029 029 029'),
(3135, 'etxebarria', 331, 'en un entorno rodeado de montes y estrechos valles, al pie del monte kalamua y atravesada por el ...', NULL, NULL, '030 030 030 030 030'),
(3136, 'ezkio', 332, 'en un paraje bastante montañoso, bajo el resguardo del monte izazpi y rodeado de caser&iac...', NULL, NULL, '035 035 035 035 035 035'),
(3137, 'forua', 331, 'sobre la margen izquierda del río oca, en el espectacular marco que ofrece la reserva de l...', NULL, NULL, '906 906'),
(3138, 'fruiz', 331, 'lugar tranquilo y apacible donde los haya, lejos del mundanal ruido de las grandes urbes. as&iacu...', NULL, NULL, '035 035 035 035'),
(3139, 'gabiria', 332, 'pequeño pueblo rural, situado en una de las partes más altas del goierri. desde gab...', NULL, NULL, '038 038 038'),
(3140, 'gaintza', 332, 'gaintza es un pequeño municipio rural y acogedor a las faldas del monte txindoki. lo forma...', 43.0526286, -2.1323701, '37'),
(3141, 'galdakao', 331, 'ubicado en el regazo del monte galdames, galdakao cuenta con un relieve bastante accidentado, por...', NULL, NULL, '036 036 036 036 036 036'),
(3142, 'galdames', 331, 'el municipio de galdames se encuentra en el territorio histórico de bizkaia, dentro de las...', NULL, NULL, '037 037 037 037 037'),
(3143, 'gamiz-fika', 331, 'este bello municipio, situado en la vega del río butrón, cuenta con un paisaje ador...', NULL, NULL, '038 038 038 038'),
(3144, 'garai', 331, 'situado en las faldas del monte oiz, dentro de la comarca del duranguesado, nos topamos con este ...', NULL, NULL, '039 039 039'),
(3145, 'gatika', 331, 'gatika es un bello municipio que se sitúa en un marco incomparable, rodeado de amplias zon...', NULL, NULL, '040 040 040 040 040 040 040 040 040'),
(3146, 'gautegiz arteaga', 331, 'en gautegiz arteaga llama especialmente la atención la gran riqueza natural de la zona, ya...', NULL, NULL, '041 041 041 041 041'),
(3147, 'gaztelu', 332, 'situada en plena naturaleza, esta localidad de la comarca de tolosaldea, se encuentra rodeada de ...', 43.1165792, -2.0222784, '907'),
(3148, 'gernika-lumo', 331, 'gernika, oficialmente gernika-lumo, es una localidad que cuenta con innumerables atractivos. en l...', NULL, NULL, '046 046 046 046 046'),
(3149, 'getaria', 332, 'getaria ha sido, tradicionalmente, un pueblo de pescadores y de grandes navegantes como juan seba...', NULL, NULL, '039 039 039 039 039'),
(3150, 'getxo', 331, 'bañado por las aguas del cantábrico, getxo se halla en el territorio históri...', NULL, NULL, '044 044 044'),
(3151, 'gizaburuaga', 331, 'dos de los elementos más característicos de esta localidad son la piedra y el agua....', NULL, NULL, '047 047 047 047'),
(3152, 'gordexola', 331, 'en las encartaciones, rodeado de montes de poca altura, las aguas del río herrerías...', NULL, NULL, '042 042 042 042 042'),
(3153, 'gorliz', 331, 'el municipio de gorliz se encuentra en la costa occidental vasca, dentro del territorio hist&oacu...', NULL, NULL, '043 043 043 043'),
(3154, 'güeñes', 331, 'con un gran patrimonio histórico, güeñes es un municipio que forma parte de la...', NULL, NULL, '045 045 045 045'),
(3155, 'harana/valle de arana', 333, 'el entorno natural que rodea este valle formado por cuatro localidades, destaca por su gran belle...', NULL, NULL, '056 056 056 056'),
(3156, 'hernani', 332, 'a tan solo 10 km de la capital donostiarra y a los pies del monte santa bárbara, hernani, ...', NULL, NULL, '040 040 040 040 040 040 040 040 040 040 040'),
(3157, 'hernialde', 332, 'emplazado en un punto alto del valle del oria, en las laderas del monte ernio, se encuentra esta ...', 43.1544672, -2.0850252, '41'),
(3158, 'hondarribia', 332, 'bañado por las aguas del mar cantábrico, hondarribia se halla al nordeste del terri...', NULL, NULL, '036 036 036 036 036 036 036 036'),
(3159, 'ibarra', 332, 'ibarra es un municipio guipuzcoano perteneciente a la comarca de tolosaldea, que se ha convertido...', 43.1323447, -2.0654624, '42'),
(3160, 'ibarrangelu', 331, 'el municipio de ibarrangelu (que significa pradera honda) se encuentra en el territorio hist&oacu...', NULL, NULL, '048 048'),
(3161, 'idiazabal', 332, 'idiazabal, villa conocida por sus afamados quesos, se sitúa al sur del territorio hist&oac...', NULL, NULL, '043 043'),
(3162, 'igorre', 331, 'ubicado en un lugar privilegiado entre los parques naturales de urkiola y gorbeia, igorre ofrece ...', NULL, NULL, '094 094 094 094 094 094 094'),
(3163, 'ikaztegieta', 332, 'aunque pertenece a la comarca de tolosaldea, la localidad de ikaztegieta mantiene estrechos lazos...', 43.0949601, -2.1238998, '44'),
(3164, 'irun', 332, 'ubicado en la muga con iparralde, irun, ha sido escenario de épicas batallas, que destruye...', NULL, NULL, '045 045'),
(3165, 'irura', 332, 'en las estribaciones de la sierra de aralar y bajo el monte txindoki se encuentra este peque&ntil...', 43.16512263158295, -2.0654296875, '46'),
(3166, 'iruraiz-gauna', 333, 'este acogedor municipio alavés, formado por once pueblos, alberga numerosos tesoros hist&o...', NULL, NULL, '027 027 027 027 027 027 027 027 027 027 027'),
(3167, 'iruña oka /iruña de oca', 333, 'hasta cinco pueblos forman este municipio situado en la llanada alavesa. entre ellos destaca nanc...', NULL, NULL, '901 901 901 901 901'),
(3168, 'ispaster', 331, 'rodeado de un paisaje lleno de colinas, cuevas y simas y situado al este de la costa vizca&iacute...', NULL, NULL, '049 049 049 049 049 049 049'),
(3169, 'itsasondo', 332, 'pequeño pueblo rural, dividido en dos barrios, en el que el sector minero ha tenido gran r...', 43.0669322, -2.1673935, '47'),
(3170, 'iurreta', 331, 'iurreta se encuentra en la comarca vizcaína del duranguesado, lindando con la localidad de...', NULL, NULL, '910 910 910 910'),
(3171, 'izurtza', 331, 'entre las imponentes masas rocosas de mugarra y untzillaitz, y al borde del río mañ...', 43.152273, -2.6419778, '50'),
(3172, 'kortezubi', 331, 'kortezubi presume de contar con dos tesoros históricos y artísticos de bizkaia en s...', NULL, NULL, '907 907 907 907'),
(3173, 'kripan', 333, 'este bello municipio del territorio histórico de álava pertenece a la cuadrilla de ...', 42.591666, -2.516079, '19'),
(3174, 'kuartango', 333, 'kuartango es un municipio para perderse, en el que los paisajes y la tranquilidad son factores as...', NULL, NULL, '020 020 020 020 020 020 020 020 020 020 020 020 020 020 020 020 020 020 020 020'),
(3175, 'labastida', 333, 'situado al sur de álava, el municipio de labastida se encuentra en rioja alavesa...', NULL, NULL, '028 028'),
(3176, 'lagrán', 333, 'a los pies de la sierra de toloño nos encontramos con este municipio alavés formado...', NULL, NULL, '030 030 030'),
(3177, 'laguardia', 333, 'conocida como la capital del vino, laguardia se encuentra al sur del territorio histórico ...', NULL, NULL, '031 031 031 031'),
(3178, 'lanciego/lantziego', 333, 'el municipio de lanciego/lantziego está situado al sur del territorio histórico de ...', NULL, NULL, '032 032 032'),
(3179, 'lanestosa', 331, 'la privilegiada situación geográfica, tanto desde el punto de vista natural como es...', 43.221169, -3.439148, '51'),
(3180, 'lantarón', 333, 'este pequeño municipio, formado por 12 pueblos, lo baña el río ebro y se asi...', NULL, NULL, '902 902 902 902 902 902 902 902 902 902 902 902'),
(3181, 'lapuebla de labarca', 333, 'situada a orillas del río ebro, lapuebla de labarca se encuentra en el extremo meridional ...', 42.494702, -2.575319, '33'),
(3182, 'larrabetzu', 331, 'este municipio del valle del txorierri, cuenta con un hermoso casco histórico, declarado c...', NULL, NULL, '052 052 052'),
(3183, 'larraul', 332, 'llegamos a larraul, municipio de la comarca de tolosaldea y ubicado en las estribaciones del mont...', 43.187739, -2.102534, '48'),
(3184, 'lasarte-oria', 332, 'lasarte-oria es un municipio modernizado y con mucha vida que se encuentra muy cerca de las playa...', NULL, NULL, '902 902 902 902 902'),
(3185, 'laukiz', 331, 'laukiz es una anteiglesia de clara vocación agrícola y ganadera, favorecida por el ...', NULL, NULL, '053 053 053 053 053'),
(3186, 'lazkao', 332, 'lazkao se encuentra en un fabuloso entorno rural, pero al mismo tiempo bien comunicada. la divers...', NULL, NULL, '049 049 049 049'),
(3187, 'leaburu', 332, 'este acogedor municipio se encuentra en el territorio histórico de gipuzkoa, en la comarca...', NULL, NULL, '050 050'),
(3188, 'legazpi', 332, 'palacios, parroquias y caseríos históricos le otorgan el toque de distinción...', NULL, NULL, '051 051 051'),
(3189, 'legorreta', 332, 'legorreta, es un municipio de gipuzkoa que bajo el abrigo de los montes zazpiturrieta, igetagain ...', 43.0857943, -2.1509094, '52'),
(3190, 'legutio', 333, 'montes como arlabán/jarindo y albertia, motxotegi, y oketa, favorecieron la construcci&oac...', NULL, NULL, '058 058 058 058 058'),
(3191, 'leintz-gatzaga', 332, 'vinculada tradicionalmente a la explotación de la sal, leintz-gatzaga es un pequeño...', 42.987112, -2.568626, '68'),
(3192, 'leioa', 331, 'muy cerca de bilbao nos topamos con un municipio en constante crecimiento, leioa. muchas personas...', NULL, NULL, '054 054 054'),
(3193, 'lekeitio', 331, 'lekeitio es un bonito pueblo pesquero que está situado en la costa de bizkaia, en la comar...', 43.362054399640236, -2.4959401779099153, '57'),
(3194, 'lemoa', 331, 'dos ríos atraviesan este municipio de la comarca de arratia, el ibaizabal y su afluente ar...', 43.2087592, -2.7741164, '55'),
(3195, 'lemoiz', 331, 'lemoiz es una bonita localidad costera de carácter rural que se encuentra en el territorio...', NULL, NULL, '056 056 056 056'),
(3196, 'leza', 333, 'el acogedor municipio de leza está situado en el territorio histórico de ála...', 42.566068, -2.633635, '34'),
(3197, 'lezama', 331, 'lezama, en el valle de txorierri, es una zona llana limitada por dos alineaciones montaños...', NULL, NULL, '081 081 081'),
(3198, 'lezo', 332, 'lezo es un municipio que cuenta con el monte jaizkibel como su cota más alta. asimismo el ...', 43.321127, -1.898775, '53'),
(3199, 'lizartza', 332, 'un entorno natural incomparable salpicado por preciosos caseríos, y un encantador casco ur...', 43.1037203, -2.0342544, '54'),
(3200, 'llodio/laudio', 333, 'situado en el precioso valle de ayala y atravesado por el río nervión, llodio es un...', 43.14533599787141, -2.965044936523441, '36'),
(3201, 'loiu', 331, 'loiu, perteneciente a la comarca de txorierri, presume de ser la localidad que acoge el ún...', NULL, NULL, '903 903 903 903'),
(3202, 'mallabia', 331, 'el municipio vizcaíno de mallabia, enclavado en las faldas del monte oiz (1.026 m), tiene ...', NULL, NULL, '058 058 058 058 058 058 058 058'),
(3203, 'markina-xemein', 331, 'cuna de grandes pelotaris y enmarcado en el camino de santiago, son muchos los peregrinos que tra...', NULL, NULL, '060 060 060 060 060 060 060 060 060'),
(3204, 'maruri-jatabe', 331, 'escenario de guerras banderizas en el pasado, maruri-jatabe es hoy en día una localidad tr...', NULL, NULL, '061 061'),
(3205, 'mañaria', 331, 'el parque natural de urkiola ocupa gran parte de la superficie de esta pequeña localidad d...', 43.1374845, -2.6611352, '59'),
(3206, 'mendaro', 332, 'conocida por sus deliciosos chocolates, mendaro es una pequeña localidad del bajo deba, qu...', NULL, NULL, '901 901 901 901'),
(3207, 'mendata', 331, 'localidad natal del célebre poeta vasco bittoriano gandiaga, este pequeño municipio...', NULL, NULL, '062 062 062 062'),
(3208, 'mendexa', 331, 'el azul del mar cantábrico y el verde de las montañas se funden en el paisaje de es...', NULL, NULL, '063 063 063 063'),
(3209, 'meñaka', 331, 'este municipio vizcaíno de carácter rural estas formado por cuatro barrios que se e...', NULL, NULL, '064 064 064 064'),
(3210, 'moreda de álava', 333, 'el municipio de moreda de álava se halla en la cuadrilla de laguardia-rioja alavesa, en la...', 42.524572, -2.40811, '39'),
(3211, 'morga', 331, 'bajo la protección de un bello entorno montañoso, morga está emplazado en el...', NULL, NULL, '066 066 066 066 066 066'),
(3212, 'mundaka', 331, 'famosa por su ola izquierda que atrae cada año a numerosos surfistas, este pintoresco pueb...', NULL, NULL, '068 068 068'),
(3213, 'mungia', 331, 'mungia está en un templado valle cerca de la costa, y muy bien comunicada con bilbao y el ...', NULL, NULL, '069 069 069 069 069 069'),
(3214, 'munitibar-arbatzegi-gerrikaitz', 331, 'en las faldas del monte oiz se encuentra el casco urbano y los otros cuatro barrios que forman el...', NULL, NULL, '007 007 007 007 007'),
(3215, 'murueta', 331, 'dentro de la comarca de busturialdea y regado por el río gernika, murueta alberga lugares ...', 43.354463, -2.684153, '908'),
(3216, 'muskiz', 331, 'bañado por las aguas del mar cantábrico, muskiz se ubica en el extremo más o...', NULL, NULL, '071 071 071 071 071 071'),
(3217, 'mutiloa', 332, 'al llegar a este pequeño municipio guipuzcoano situado en el valle del río mutiloa,...', 43.02238, -2.272826, '57'),
(3218, 'mutriku', 332, 'mutriku es la localidad más occidental del litoral guipuzcoano. edificada sobre una pendie...', NULL, NULL, '056 056 056 056 056 056 056 056 056 056'),
(3219, 'muxika', 331, 'atravesando verdes praderas y montes, llegamos a muxika, donde recorreremos sus diversos barrios ...', NULL, NULL, '067 067 067 067 067 067 067 067'),
(3220, 'nabarniz', 331, 'nabarniz se encuentra lejos de cualquier camino transitado y geográficamente aislado, hech...', NULL, NULL, '909 909 909 909 909 909'),
(3221, 'navaridas', 333, 'el municipio de navaridas se encuentra en el territorio histórico de álava, asentad...', 42.545171, -2.624532, '41'),
(3222, 'oiartzun', 332, 'enclavado en un paisaje natural de excepción, oiartzun está situado al nordeste del...', NULL, NULL, '063 063 063 063 063 063 063'),
(3223, 'okondo', 333, 'okondo, edificado sobre terreno de rocas calizas, margas y areniscas, es un municipio apacible, q...', NULL, NULL, '042 042 042 042 042 042'),
(3224, 'olaberria', 332, 'conocido por el nombre \"balcón del goierri\", este bello enclave se sitúa ...', NULL, NULL, '058 058'),
(3225, 'ondarroa', 331, 'bañado por las aguas del cantábrico, ondarroa se ubica en la desembocadura del r&ia...', 43.320698, -2.420475, '73'),
(3226, 'ordizia', 332, 'ordizia, muy conocida por su mercado semanal, está situada en el interior de gipuzkoa, a o...', 43.0541983, -2.1781155, '76'),
(3227, 'orduña', 331, 'a las faldas de la sierra sálvada, orduña es una villa caracterizada por su ca...', NULL, NULL, '074 074 074 074 074 074'),
(3228, 'orendain', 332, 'desde este bello municipio, enclavado en un lugar privilegiado de gipuzkoa, es posible divisar lo...', 43.079721, -2.1142902, '905'),
(3229, 'orexa', 332, 'de marcado carácter rural y rodeado de verdes montes, orexa, es uno de los municipios meno...', 43.0938813, -2.0113921, '60'),
(3230, 'orio', 332, 'este típico pueblo pesquero del litoral guipuzcoano, muy concurrido en la época est...', 43.278322, -2.126597, '61'),
(3231, 'ormaiztegi', 332, 'nada más llegar a este municipio de las inmediaciones del goierri, quedaremos sorprendidos...', 43.0427347, -2.2558477, '62'),
(3232, 'orozko', 331, 'orozko goza de un entorno privilegiado, donde se mezclan montañas, bosques, cuevas, caser&...', NULL, NULL, '075 075 075 075 075 075 075 075'),
(3233, 'ortuella', 331, 'en la llanura del valle de somorrostro se asoma este municipio vizcaíno, que junto con otr...', NULL, NULL, '083 083 083 083 083 083'),
(3234, 'otxandio', 331, 'rodeada de montañas y fronteriza con el territorio histórico de álava, otxan...', NULL, NULL, '072 072 072'),
(3235, 'oyón-oion', 333, 'el municipio de oyón-oion está situado al sur del territorio histórico de &a...', NULL, NULL, '043 043 043'),
(3236, 'oñati', 332, 'oñati es la villa más monumental de gipuzkoa y una de las localidades más be...', NULL, NULL, '059 059 059 059 059 059 059 059 059 059 059 059 059 059 059 059 059'),
(3237, 'pasaia', 332, 'ubicada en la  costa oriental de gipuzkoa, a pocos kilómetros de su san sebastián, ...', NULL, NULL, '064 064 064'),
(3238, 'peñacerrada-urizaharra', 333, 'peñacerrada-urizaharra es una villa de origen medieval, que se ubica en el límite f...', NULL, NULL, '044 044 044 044 044 044'),
(3239, 'plentzia', 331, 'con la ría como elemento central y la playa como atractivo turístico, plentzia es u...', NULL, NULL, '077 077 077 077'),
(3240, 'portugalete', 331, 'portugalete, elegante villa marinera, es uno de los principales núcleos urbanos de la marg...', 43.320624, -3.020331, '78'),
(3241, 'ribera alta', 333, 'los accesos de castilla hacia el mar tenían paso obligado por las tierras del municipio de...', NULL, NULL, '046 046 046 046 046 046 046 046 046 046 046 046 046 046 046 046 046 046 046 046 046 046 046 046 046'),
(3242, 'ribera baja/erriberabeitia', 333, 'dentro de la cuadrilla de añana se hace hueco este municipio alavés, de orograf&iac...', NULL, NULL, '047 047 047 047 047 047'),
(3243, 'salvatierra/agurain', 333, 'esta localidad está situada entre las sierras de entzia e iturrieta, en las que se esconde...', NULL, NULL, '051 051 051 051 051 051'),
(3244, 'samaniego', 333, 'situado al sur del territorio histórico de álava, samaniego se encuentra a los pies...', 42.569853, -2.680179, '52'),
(3245, 'san millán', 333, 'dentro de la cuadrilla de salvatierra se esconde este municipio alavés, eminentemente rura...', NULL, NULL, '053 053 053 053 053 053 053 053 053 053 053 053 053 053 053'),
(3246, 'san sebastián', 332, 'hermosa, elegante, exquisita, coqueta, señorial. así es donostia / san sebasti&aacu...', NULL, NULL, '069 069 069 069 069'),
(3247, 'santurtzi', 331, 'santurtzi es una localidad de gran tradición marinera situada en el territorio hist&oacute...', NULL, NULL, '082 082 082'),
(3248, 'segura', 332, 'segura, es una de las villas medievales del goierri que merece la pena visitar, tanto por su bell...', 43.0092164, -2.2525193, '70'),
(3249, 'sestao', 331, 'encaramado sobre una pequeña meseta paralela a los montes de triano y arropado por la cima...', 43.3096349, -3.0069397, '84'),
(3250, 'sondika', 331, 'situado en txorierri, un valle de grandes infraestructuras urbanísticas, sondika vio trans...', NULL, NULL, '904 904 904 904'),
(3251, 'sopela', 331, 'impresionantes acantilados y playas salvajes se suceden a lo largo de la franja costera de sopela...', NULL, NULL, '085 085'),
(3252, 'sopuerta', 331, 'sopuerta es uno de los municipios encartados más antiguos y uno de los que más hist...', NULL, NULL, '086 086 086 086 086 086 086 086 086 086 086 086'),
(3253, 'soraluze-placencia de las armas', 332, 'villa de gran tradición armera, soraluze-placencia de las armas se halla a orillas del r&i...', 43.1754299, -2.4124943, '65'),
(3254, 'sukarrieta', 331, 'enclavado en la orilla derecha de la ría de mundaka, esta localidad es uno de los lugares ...', NULL, NULL, '076 076 076 076'),
(3255, 'tolosa', 332, 'situada a orillas de río oria, tolosa es una villa de gran importancia histórica, q...', NULL, NULL, '071 071 071 071 071 071 071 071 071 071'),
(3256, 'trucios-turtzioz', 331, 'municipio de las encartaciones, formado por alineaciones montañosas que rodean el lugar. r...', NULL, NULL, '087 087 087 087'),
(3257, 'ubide', 331, 'a las faldas del monte gorbeia, este municipio formado por dos barrios, se caracteriza por ser el...', NULL, NULL, '088 088'),
(3258, 'ugao-miraballes', 331, 'situado en un estrecho valle que forma el río nervión y rodeado de un entorno monta...', NULL, NULL, '065 065 065'),
(3259, 'urduliz', 331, 'este bello enclave de la comarca vizcaína de uribe kosta se sitúa en el valle de la...', NULL, NULL, '089 089 089 089 089'),
(3260, 'urkabustaiz', 333, 'este municipio está formado por los dos urkaerria y bustaiz, dos antiguas comunidades que ...', NULL, NULL, '054 054 054 054 054 054 054 054 054 054'),
(3261, 'urnieta', 332, 'cerca de san sebastián, entre los valles del oria y del urumea, se encuentra urnieta, desd...', 43.2481997, -1.9905166, '72'),
(3262, 'urretxu', 332, 'urretxu es conocida por ser la villa natal de josé maría iparragirre, el bardo vasc...', 43.092282, -2.314383, '77'),
(3263, 'usurbil', 332, 'muy conocido por su tradición sidrera y pesca de angulas, este pequeño municipio gu...', NULL, NULL, '073 073 073 073 073 073'),
(3264, 'valdegovía', 333, 'valdegovía es un lugar situado en álava próximo a burgos, donde la naturalez...', NULL, NULL, '055 055 055 055 055 055 055 055 055 055 055 055 055 055 055 055 055 055 055 055 055 055 055 055 055 055 055 055 055 055'),
(3265, 'valle de carranza', 331, 'nos encontramos en una de las zonas más bellas y desconocidas de bizkaia. envuelto por un ...', NULL, NULL, '022 022 022 022 022 022 022 022 022 022 022 022 022 022 022 022 022 022 022 022 022 022 022 022 022 022'),
(3266, 'valle de trápaga-trapagaran', 331, 'al abrigo de los montes de triano y a pocos kilómetros de bilbao, el valle de trápa...', NULL, NULL, '080 080 080 080 080 080 080 080 080 080'),
(3267, 'villabona', 332, 'este pequeño y bonito pueblo, se encuentra situado en el valle del río oria. es una...', NULL, NULL, '075 075'),
(3268, 'villabuena de álava', 333, 'el municipio de villabuena de álava se encuentra al sur del territorio histórico de...', 42.546724, -2.664435, '57'),
(3269, 'vitoria-gasteiz', 333, 'además de ser el centro político y administrativo de euskadi, vitoria-gasteiz es un...', NULL, NULL, '059 059 059 059 059 059 059 059 059 059 059 059 059 059 059 059 059 059 059 059 059 059 059 059 059 059 059 059 059 059 059 059 059 059 059 059 059 059 059 059 059 059 059 059 059 059 059 059 059 059 059 059 059 059 059 059 059 059 059 059 059 059 059 059'),
(3270, 'yécora', 333, 'situada en un altozano y rodeada de viñedos, esta pequeña localidad de rioja alaves...', 42.569303, -2.4700643, '60'),
(3271, 'zaldibar', 331, 'zaldibar se encuentra en un estrecho valle, rodeado de pequeñas montañas, mientras ...', NULL, NULL, '095 095 095 095'),
(3272, 'zaldibia', 332, 'zaldibia está situada en el territorio histórico de gipuzkoa, dentro de la comarca ...', 43.0379638, -2.1508942, '78'),
(3273, 'zalduondo', 333, 'este pequeño municipio alavés cuenta con un rico patrimonio histórico, art&i...', 42.885626, -2.347254, '61'),
(3274, 'zalla', 331, 'rodeada de montañas y ocupando una llanura atravesada por el río cadagua, zalla rec...', NULL, NULL, '096 096 096 096 096'),
(3275, 'zambrana', 333, 'este pequeño municipio de castillos, perteneciente a la cuadrilla de añana, cuenta ...', NULL, NULL, '062 062 062 062'),
(3276, 'zamudio', 331, 'de suave orografía, formada por planicies y pequeños cerros, y regada por el r&iacu...', NULL, NULL, '905 905 905 905'),
(3277, 'zaratamo', 331, 'situada en la comarca del gran bilbao, esta anteiglesia de bizkaia, la forman diversos barrios de...', NULL, NULL, '097 097 097 097 097'),
(3278, 'zarautz', 332, 'destino turístico por excelencia, zarautz posee innumerables atractivos que seguro cautiva...', NULL, NULL, '079 079 079 079'),
(3279, 'zeanuri', 331, 'enclavada en las faldas de la mítica cumbre del monte gorbea (1.481 m), esta pequeñ...', NULL, NULL, '024 024 024 024 024 024 024 024 024'),
(3280, 'zeberio', 331, 'enclavado en el valle del mismo nombre, en la comarca de arratia, el municipio de zeberio se mues...', NULL, NULL, '025 025 025 025 025 025 025 025 025 025'),
(3281, 'zegama', 332, 'el entorno natural que rodea zegama es, sin duda, uno de los principales atractivos de esta peque...', NULL, NULL, '025 025 025 025 025'),
(3282, 'zerain', 332, 'zerain es uno de esos pequeños pueblos que han sabido conservar el encanto del ambiente ru...', 43.0121191, -2.2741177, '26'),
(3283, 'zestoa', 332, 'situada a los pies del macizo de izarraitz y a orillas del río urola, zestoa, villa de gra...', NULL, NULL, '027 027 027 027 027 027 027'),
(3284, 'zierbena', 331, 'situada en el extremo occidental del litoral vizcaíno, zierbena es conocida por el sabor m...', NULL, NULL, '913 913 913 913 913 913'),
(3285, 'zigoitia', 333, 'tierra de casas-torre y palacios, zigoitia cuenta con numerosos edificios de gran belleza e inter...', NULL, NULL, '018 018 018 018 018 018 018 018 018 018 018 018 018 018 018 018 018 018'),
(3286, 'ziortza-bolibar', 331, 'ziortza-bolibar está repleta de enclaves mágicos, que nos transportan a tiempos y s...', NULL, NULL, '915 915'),
(3287, 'zizurkil', 332, 'rodeado de un hermoso paraje de prados, el municipio está compuesto por un núcleo u...', NULL, NULL, '028 028'),
(3288, 'zuia', 333, 'para emprender nuestra visita por este municipio alavés, merece la pena visitar los grande...', NULL, NULL, '063 063 063 063 063 063 063 063 063 063 063 063 063'),
(3289, 'zumaia', 332, 'zumaia está situada en uno de los tramos más bellos del litoral guipuzcoano, en una...', NULL, NULL, '081 081 081'),
(3290, 'zumarraga', 332, 'zumarraga nos embelesa con los muchos lugares de interés que ofrece, tanto culturales, com...', NULL, NULL, '080 080');

-- --------------------------------------------------------

--
-- Table structure for table `provincias`
--

CREATE TABLE `provincias` (
  `id` int(11) NOT NULL,
  `Nombre` varchar(100) NOT NULL
) ENGINE=InnoDB DEFAULT CHARSET=utf8mb4;

--
-- Dumping data for table `provincias`
--

INSERT INTO `provincias` (`id`, `Nombre`) VALUES
(331, 'bizkaia'),
(332, 'gipuzkoa'),
(333, 'araba/álava');

-- --------------------------------------------------------

--
-- Table structure for table `usuario`
--

CREATE TABLE `usuario` (
  `Id` int(11) NOT NULL,
  `Nombre` varchar(20) NOT NULL,
  `Contrasena` varchar(30) NOT NULL,
  `Pregunta` varchar(50) NOT NULL,
  `Respuesta` varchar(50) NOT NULL
) ENGINE=InnoDB DEFAULT CHARSET=utf8mb4;

--
-- Indexes for dumped tables
--

--
-- Indexes for table `entornos`
--
ALTER TABLE `entornos`
  ADD PRIMARY KEY (`Id`),
  ADD UNIQUE KEY `Nombre` (`Nombre`),
  ADD KEY `Id` (`Id`);

--
-- Indexes for table `entornosmuni`
--
ALTER TABLE `entornosmuni`
  ADD KEY `Entorno` (`Entorno`),
  ADD KEY `Municipio` (`Municipio`);

--
-- Indexes for table `estaciones`
--
ALTER TABLE `estaciones`
  ADD PRIMARY KEY (`Id`) USING BTREE,
  ADD UNIQUE KEY `Nombre` (`Nombre`),
  ADD KEY `Id` (`Id`),
  ADD KEY `Municipio` (`Municipio`);

--
-- Indexes for table `horario`
--
ALTER TABLE `horario`
  ADD PRIMARY KEY (`Id`),
  ADD KEY `Informe` (`Informe`);

--
-- Indexes for table `informes`
--
ALTER TABLE `informes`
  ADD PRIMARY KEY (`Id`) USING BTREE,
  ADD UNIQUE KEY `Url` (`Url`),
  ADD KEY `Nombre` (`Estacion`),
  ADD KEY `Id` (`Id`);

--
-- Indexes for table `municipios`
--
ALTER TABLE `municipios`
  ADD PRIMARY KEY (`Id`) USING BTREE,
  ADD UNIQUE KEY `Nombre` (`Nombre`),
  ADD KEY `Provincia` (`Provincia`);

--
-- Indexes for table `provincias`
--
ALTER TABLE `provincias`
  ADD PRIMARY KEY (`id`);

--
-- Indexes for table `usuario`
--
ALTER TABLE `usuario`
  ADD PRIMARY KEY (`Id`);

--
-- AUTO_INCREMENT for dumped tables
--

--
-- AUTO_INCREMENT for table `entornos`
--
ALTER TABLE `entornos`
  MODIFY `Id` int(11) NOT NULL AUTO_INCREMENT, AUTO_INCREMENT=821;

--
-- AUTO_INCREMENT for table `estaciones`
--
ALTER TABLE `estaciones`
  MODIFY `Id` int(11) NOT NULL AUTO_INCREMENT, AUTO_INCREMENT=451;

--
-- AUTO_INCREMENT for table `horario`
--
ALTER TABLE `horario`
  MODIFY `Id` int(11) NOT NULL AUTO_INCREMENT, AUTO_INCREMENT=5853;

--
-- AUTO_INCREMENT for table `informes`
--
ALTER TABLE `informes`
  MODIFY `Id` int(11) NOT NULL AUTO_INCREMENT, AUTO_INCREMENT=776;

--
-- AUTO_INCREMENT for table `municipios`
--
ALTER TABLE `municipios`
  MODIFY `Id` int(11) NOT NULL AUTO_INCREMENT, AUTO_INCREMENT=3291;

--
-- AUTO_INCREMENT for table `provincias`
--
ALTER TABLE `provincias`
  MODIFY `id` int(11) NOT NULL AUTO_INCREMENT, AUTO_INCREMENT=334;

--
-- AUTO_INCREMENT for table `usuario`
--
ALTER TABLE `usuario`
  MODIFY `Id` int(11) NOT NULL AUTO_INCREMENT, AUTO_INCREMENT=5;

--
-- Constraints for dumped tables
--

--
-- Constraints for table `entornosmuni`
--
ALTER TABLE `entornosmuni`
  ADD CONSTRAINT `entornosmuni_ibfk_1` FOREIGN KEY (`Entorno`) REFERENCES `entornos` (`Id`) ON DELETE CASCADE ON UPDATE CASCADE,
  ADD CONSTRAINT `entornosmuni_ibfk_2` FOREIGN KEY (`Municipio`) REFERENCES `municipios` (`Id`) ON DELETE CASCADE ON UPDATE CASCADE;

--
-- Constraints for table `estaciones`
--
ALTER TABLE `estaciones`
  ADD CONSTRAINT `estaciones_ibfk_1` FOREIGN KEY (`Municipio`) REFERENCES `municipios` (`Id`) ON DELETE CASCADE ON UPDATE CASCADE;

--
-- Constraints for table `horario`
--
ALTER TABLE `horario`
  ADD CONSTRAINT `horario_ibfk_1` FOREIGN KEY (`Informe`) REFERENCES `informes` (`Id`) ON DELETE CASCADE ON UPDATE CASCADE;

--
-- Constraints for table `informes`
--
ALTER TABLE `informes`
  ADD CONSTRAINT `informes_ibfk_1` FOREIGN KEY (`Estacion`) REFERENCES `estaciones` (`Id`) ON DELETE CASCADE ON UPDATE CASCADE;

--
-- Constraints for table `municipios`
--
ALTER TABLE `municipios`
  ADD CONSTRAINT `municipios_ibfk_1` FOREIGN KEY (`Provincia`) REFERENCES `provincias` (`id`) ON DELETE CASCADE ON UPDATE CASCADE;
COMMIT;

/*!40101 SET CHARACTER_SET_CLIENT=@OLD_CHARACTER_SET_CLIENT */;
/*!40101 SET CHARACTER_SET_RESULTS=@OLD_CHARACTER_SET_RESULTS */;
/*!40101 SET COLLATION_CONNECTION=@OLD_COLLATION_CONNECTION */;
